date,captured_utc,away,home,start_utc,team,side,goalie,dfo_id,status,news_utc,news,source,moneyline,spread,season_sv_pct,season_gaa
2026-10-10,2026-10-10T14:58:34.835458+00:00,PHI,BOS,2026-10-10T17:00:00.000Z,PHI,away,Dan Vladar,3831,Confirmed,2026-10-10T14:52:13.118Z,Vladar will start Saturday in Boston.,@NHLFlyers,114,1.5,0.863,5.08
2026-10-10,2026-10-10T14:58:34.835458+00:00,PHI,BOS,2026-10-10T17:00:00.000Z,BOS,home,Jeremy Swayman,28098,,,,,-135,1.5,0.932,1.98
2026-10-10,2026-10-10T14:58:34.835458+00:00,VAN,NJD,2026-10-10T19:30:00.000Z,VAN,away,Leevi Merilainen,34600,,,,,225,1.5,0.95,1.5
2026-10-10,2026-10-10T14:58:34.835458+00:00,VAN,NJD,2026-10-10T19:30:00.000Z,NJD,home,Jake Allen,1305,,,,,-278,1.5,0.875,3.47
2026-10-10,2026-10-10T14:58:34.835458+00:00,EDM,SJS,2026-10-10T20:00:00.000Z,EDM,away,Tristan Jarry,2626,Confirmed,2026-10-05T18:02:53.213Z,Jarry will start in San Jose on Saturday.,Jack Michaels,-155,1.5,0.739,5.81
2026-10-10,2026-10-10T14:58:34.835458+00:00,EDM,SJS,2026-10-10T20:00:00.000Z,SJS,home,Alex Nedeljkovic,2727,,,,,130,1.5,0.923,1.94
2026-10-10,2026-10-10T14:58:34.835458+00:00,MIN,FLA,2026-10-10T22:00:00.000Z,MIN,away,Jesper Wallstedt,31763,,,,,114,1.5,0.927,1.98
2026-10-10,2026-10-10T14:58:34.835458+00:00,MIN,FLA,2026-10-10T22:00:00.000Z,FLA,home,Jacob Markstrom,594,Confirmed,2026-10-10T14:44:22.805Z,Markstrom will start Saturday vs. the Wild.,Jameson Olive,-135,1.5,0.929,1.27
2026-10-10,2026-10-10T14:58:34.835458+00:00,CBJ,STL,2026-10-10T23:00:00.000Z,CBJ,away,Jet Greaves,29751,,,,,105,1.5,0.877,3.5
2026-10-10,2026-10-10T14:58:34.835458+00:00,CBJ,STL,2026-10-10T23:00:00.000Z,STL,home,Joel Hofer,28910,,,,,-125,1.5,0.93,1.67
2026-10-10,2026-10-10T14:58:34.835458+00:00,DET,MTL,2026-10-10T23:00:00.000Z,DET,away,Daniil Tarasov,28133,Confirmed,2026-10-08T16:27:30.707Z,Tarasov will start in Montreal on Saturday.,Michael Whitaker,180,1.5,0.889,2.31
2026-10-10,2026-10-10T14:58:34.835458+00:00,DET,MTL,2026-10-10T23:00:00.000Z,MTL,home,Jakub Dobes,31895,,,,,-218,1.5,0.857,4.43
2026-10-10,2026-10-10T14:58:34.835458+00:00,NSH,OTT,2026-10-10T23:00:00.000Z,NSH,away,Juuse Saros,2557,,,,,136,1.5,0.916,2.72
2026-10-10,2026-10-10T14:58:34.835458+00:00,NSH,OTT,2026-10-10T23:00:00.000Z,OTT,home,Linus Ullmark,2534,,,,,-162,1.5,0.956,1.13
2026-10-10,2026-10-10T14:58:34.835458+00:00,TOR,COL,2026-10-10T23:00:00.000Z,TOR,away,Anthony Stolarz,2432,,,,,170,1.5,0.904,2.42
2026-10-10,2026-10-10T14:58:34.835458+00:00,TOR,COL,2026-10-10T23:00:00.000Z,COL,home,Mackenzie Blackwood,3792,,,,,-205,1.5,0.895,2.67
2026-10-10,2026-10-10T14:58:34.835458+00:00,DAL,PIT,2026-10-10T23:00:00.000Z,DAL,away,Jake Oettinger,2813,,,,,-155,1.5,0.967,0.67
2026-10-10,2026-10-10T14:58:34.835458+00:00,DAL,PIT,2026-10-10T23:00:00.000Z,PIT,home,Arturs Silovs,31270,,,,,130,1.5,0.859,3.37
2026-10-10,2026-10-10T14:58:34.835458+00:00,CAR,CHI,2026-10-10T23:00:00.000Z,CAR,away,Brandon Bussi,30153,,,,,-230,1.5,0.851,3.24
2026-10-10,2026-10-10T14:58:34.835458+00:00,CAR,CHI,2026-10-10T23:00:00.000Z,CHI,home,Spencer Knight,30475,Likely,2026-10-10T14:40:07.494Z,Knight is in the starter's crease at the Blackhawks morning skate.,Charlie Roumeliotis,190,1.5,0.891,3.35
2026-10-10,2026-10-10T14:58:34.835458+00:00,UTA,BUF,2026-10-10T23:00:00.000Z,UTA,away,Karel Vejmelka,26614,,,,,-108,1.5,0.892,2.42
2026-10-10,2026-10-10T14:58:34.835458+00:00,UTA,BUF,2026-10-10T23:00:00.000Z,BUF,home,Colten Ellis,28686,Likely,2026-10-10T14:39:13.677Z,Ellis is in the starter's crease at the Sabres' morning skate.,Paul Hamilton,-112,1.5,0.9,1.85
2026-10-10,2026-10-10T14:58:34.835458+00:00,TBL,NYI,2026-10-10T23:30:00.000Z,TBL,away,Andrei Vasilevskiy,2413,,,,,-170,1.5,0.898,2.05
2026-10-10,2026-10-10T14:58:34.835458+00:00,TBL,NYI,2026-10-10T23:30:00.000Z,NYI,home,Ilya Sorokin,25264,Confirmed,2026-10-10T14:52:37.943Z,Sorokin will start Saturday vs. the Lightning.,Stefen Rosner,142,1.5,0.965,1.01
2026-10-10,2026-10-10T14:58:34.835458+00:00,ANA,CGY,2026-10-11T02:00:00.000Z,ANA,away,Ville Husso,3837,,,,,-125,1.5,1.0,0.0
2026-10-10,2026-10-10T14:58:34.835458+00:00,ANA,CGY,2026-10-11T02:00:00.000Z,CGY,home,Dustin Wolf,29507,,,,,105,1.5,0.797,6.0
2026-10-10,2026-10-10T14:58:34.835458+00:00,LAK,VGK,2026-10-11T02:00:00.000Z,LAK,away,Darcy Kuemper,1692,,,,,136,1.5,0.825,5.08
2026-10-10,2026-10-10T14:58:34.835458+00:00,LAK,VGK,2026-10-11T02:00:00.000Z,VGK,home,Carter Hart,3874,,,,,-162,1.5,0.89,2.7
2026-10-10,2026-10-10T19:40:54.251936+00:00,PHI,BOS,2026-10-10T17:00:00.000Z,PHI,away,Dan Vladar,3831,Confirmed,2026-10-10T14:52:13.118Z,Vladar will start Saturday in Boston.,@NHLFlyers,114,1.5,0.87,4.73
2026-10-10,2026-10-10T19:40:54.251936+00:00,PHI,BOS,2026-10-10T17:00:00.000Z,BOS,home,Jeremy Swayman,28098,Confirmed,2026-10-10T15:59:03.303Z,Swayman will start Saturday vs. the Flyers.,Scott McLaughlin,-135,1.5,0.931,1.86
2026-10-10,2026-10-10T19:40:54.251936+00:00,VAN,NJD,2026-10-10T19:30:00.000Z,VAN,away,Leevi Merilainen,34600,Confirmed,2026-10-10T19:00:10.923Z,Merilainen will start in New Jersey on Saturday.,Mike Morreale,225,1.5,0.95,1.5
2026-10-10,2026-10-10T19:40:54.251936+00:00,VAN,NJD,2026-10-10T19:30:00.000Z,NJD,home,Jake Allen,1305,Confirmed,2026-10-10T17:33:01.008Z,Allen will start Saturday vs. the Canucks.,Kristy Flannery,-278,1.5,0.875,3.47
2026-10-10,2026-10-10T19:40:54.251936+00:00,EDM,SJS,2026-10-10T20:00:00.000Z,EDM,away,Tristan Jarry,2626,Confirmed,2026-10-05T18:02:53.213Z,Jarry will start in San Jose on Saturday.,Jack Michaels,-155,1.5,0.739,5.81
2026-10-10,2026-10-10T19:40:54.251936+00:00,EDM,SJS,2026-10-10T20:00:00.000Z,SJS,home,Yaroslav Askarov,33018,Confirmed,2026-10-10T17:34:49.908Z,Askarov will start Saturday vs. the Oilers.,Curtis Pashelka,130,1.5,0.862,3.85
2026-10-10,2026-10-10T19:40:54.251936+00:00,MIN,FLA,2026-10-10T22:00:00.000Z,MIN,away,Jesper Wallstedt,31763,,,,,114,1.5,0.927,1.98
2026-10-10,2026-10-10T19:40:54.251936+00:00,MIN,FLA,2026-10-10T22:00:00.000Z,FLA,home,Jacob Markstrom,594,Confirmed,2026-10-10T14:44:22.805Z,Markstrom will start Saturday vs. the Wild.,Jameson Olive,-135,1.5,0.929,1.27
2026-10-10,2026-10-10T19:40:54.251936+00:00,CBJ,STL,2026-10-10T23:00:00.000Z,CBJ,away,Jet Greaves,29751,Confirmed,2026-10-10T17:07:13.881Z,Greaves will start Saturday in St. Louis.,Mark Scheig,105,1.5,0.877,3.5
2026-10-10,2026-10-10T19:40:54.251936+00:00,CBJ,STL,2026-10-10T23:00:00.000Z,STL,home,Jordan Binnington,1984,Confirmed,2026-10-10T15:34:31.920Z,Binnington will start Saturday vs. the Blue Jackets.,Lou Korac,-125,1.5,0.833,6.0
2026-10-10,2026-10-10T19:40:54.251936+00:00,DET,MTL,2026-10-10T23:00:00.000Z,DET,away,Daniil Tarasov,28133,Confirmed,2026-10-08T16:27:30.707Z,Tarasov will start in Montreal on Saturday.,Michael Whitaker,180,1.5,0.889,2.31
2026-10-10,2026-10-10T19:40:54.251936+00:00,DET,MTL,2026-10-10T23:00:00.000Z,MTL,home,Jacob Fowler,38444,Confirmed,2026-10-10T15:15:01.781Z,Fowler will start Saturday vs. the Red Wings.,@CanadiensMTL,-218,1.5,0.0,0.0
2026-10-10,2026-10-10T19:40:54.251936+00:00,NSH,OTT,2026-10-10T23:00:00.000Z,NSH,away,Juuse Saros,2557,,,,,136,1.5,0.916,2.72
2026-10-10,2026-10-10T19:40:54.251936+00:00,NSH,OTT,2026-10-10T23:00:00.000Z,OTT,home,Linus Ullmark,2534,,,,,-162,1.5,0.956,1.13
2026-10-10,2026-10-10T19:40:54.251936+00:00,TOR,COL,2026-10-10T23:00:00.000Z,TOR,away,Anthony Stolarz,2432,,,,,170,1.5,0.904,2.42
2026-10-10,2026-10-10T19:40:54.251936+00:00,TOR,COL,2026-10-10T23:00:00.000Z,COL,home,Mackenzie Blackwood,3792,,,,,-205,1.5,0.895,2.67
2026-10-10,2026-10-10T19:40:54.251936+00:00,DAL,PIT,2026-10-10T23:00:00.000Z,DAL,away,Jake Oettinger,2813,Confirmed,2026-10-10T16:02:24.023Z,Oettinger will start Saturday in Pittsburgh.,Mike Heika,-155,1.5,0.967,0.67
2026-10-10,2026-10-10T19:40:54.251936+00:00,DAL,PIT,2026-10-10T23:00:00.000Z,PIT,home,Arturs Silovs,31270,,,,,130,1.5,0.859,3.37
2026-10-10,2026-10-10T19:40:54.251936+00:00,CAR,CHI,2026-10-10T23:00:00.000Z,CAR,away,Brandon Bussi,30153,,,,,-230,1.5,0.851,3.24
2026-10-10,2026-10-10T19:40:54.251936+00:00,CAR,CHI,2026-10-10T23:00:00.000Z,CHI,home,Spencer Knight,30475,Likely,2026-10-10T14:40:07.494Z,Knight is in the starter's crease at the Blackhawks morning skate.,Charlie Roumeliotis,190,1.5,0.891,3.35
2026-10-10,2026-10-10T19:40:54.251936+00:00,UTA,BUF,2026-10-10T23:00:00.000Z,UTA,away,Karel Vejmelka,26614,,,,,-108,1.5,0.892,2.42
2026-10-10,2026-10-10T19:40:54.251936+00:00,UTA,BUF,2026-10-10T23:00:00.000Z,BUF,home,Colten Ellis,28686,Likely,2026-10-10T14:39:13.677Z,Ellis is in the starter's crease at the Sabres' morning skate.,Paul Hamilton,-112,1.5,0.9,1.85
2026-10-10,2026-10-10T19:40:54.251936+00:00,TBL,NYI,2026-10-10T23:30:00.000Z,TBL,away,Andrei Vasilevskiy,2413,Likely,2026-10-10T15:35:17.992Z,Vasilevskiy skipped the Lightning's optional morning skate; suggesting he will start Saturday.,Gabby Shirley,-170,1.5,0.898,2.05
2026-10-10,2026-10-10T19:40:54.251936+00:00,TBL,NYI,2026-10-10T23:30:00.000Z,NYI,home,Ilya Sorokin,25264,Confirmed,2026-10-10T14:52:37.943Z,Sorokin will start Saturday vs. the Lightning.,Stefen Rosner,142,1.5,0.965,1.01
2026-10-10,2026-10-10T19:40:54.251936+00:00,ANA,CGY,2026-10-11T02:00:00.000Z,ANA,away,Ville Husso,3837,,,,,-125,1.5,1.0,0.0
2026-10-10,2026-10-10T19:40:54.251936+00:00,ANA,CGY,2026-10-11T02:00:00.000Z,CGY,home,Dustin Wolf,29507,Confirmed,2026-10-10T16:21:05.900Z,Wolf will start Saturday vs.the Ducks.,Pat Steinberg,105,1.5,0.797,6.0
2026-10-10,2026-10-10T19:40:54.251936+00:00,LAK,VGK,2026-10-11T02:00:00.000Z,LAK,away,Darcy Kuemper,1692,,,,,136,1.5,0.825,5.08
2026-10-10,2026-10-10T19:40:54.251936+00:00,LAK,VGK,2026-10-11T02:00:00.000Z,VGK,home,Carter Hart,3874,,,,,-162,1.5,0.89,2.7
2026-10-10,2026-10-10T19:55:57.299592+00:00,PHI,BOS,2026-10-10T17:00:00.000Z,PHI,away,Dan Vladar,3831,Confirmed,2026-10-10T14:52:13.118Z,Vladar will start Saturday in Boston.,@NHLFlyers,114,1.5,0.87,4.73
2026-10-10,2026-10-10T19:55:57.299592+00:00,PHI,BOS,2026-10-10T17:00:00.000Z,BOS,home,Jeremy Swayman,28098,Confirmed,2026-10-10T15:59:03.303Z,Swayman will start Saturday vs. the Flyers.,Scott McLaughlin,-135,1.5,0.931,1.86
2026-10-10,2026-10-10T19:55:57.299592+00:00,VAN,NJD,2026-10-10T19:30:00.000Z,VAN,away,Leevi Merilainen,34600,Confirmed,2026-10-10T19:00:10.923Z,Merilainen will start in New Jersey on Saturday.,Mike Morreale,225,1.5,0.95,1.5
2026-10-10,2026-10-10T19:55:57.299592+00:00,VAN,NJD,2026-10-10T19:30:00.000Z,NJD,home,Jake Allen,1305,Confirmed,2026-10-10T17:33:01.008Z,Allen will start Saturday vs. the Canucks.,Kristy Flannery,-278,1.5,0.875,3.47
2026-10-10,2026-10-10T19:55:57.299592+00:00,EDM,SJS,2026-10-10T20:00:00.000Z,EDM,away,Tristan Jarry,2626,Confirmed,2026-10-05T18:02:53.213Z,Jarry will start in San Jose on Saturday.,Jack Michaels,-155,1.5,0.739,5.81
2026-10-10,2026-10-10T19:55:57.299592+00:00,EDM,SJS,2026-10-10T20:00:00.000Z,SJS,home,Yaroslav Askarov,33018,Confirmed,2026-10-10T17:34:49.908Z,Askarov will start Saturday vs. the Oilers.,Curtis Pashelka,130,1.5,0.862,3.85
2026-10-10,2026-10-10T19:55:57.299592+00:00,MIN,FLA,2026-10-10T22:00:00.000Z,MIN,away,Jesper Wallstedt,31763,,,,,114,1.5,0.927,1.98
2026-10-10,2026-10-10T19:55:57.299592+00:00,MIN,FLA,2026-10-10T22:00:00.000Z,FLA,home,Jacob Markstrom,594,Confirmed,2026-10-10T14:44:22.805Z,Markstrom will start Saturday vs. the Wild.,Jameson Olive,-135,1.5,0.929,1.27
2026-10-10,2026-10-10T19:55:57.299592+00:00,CBJ,STL,2026-10-10T23:00:00.000Z,CBJ,away,Jet Greaves,29751,Confirmed,2026-10-10T17:07:13.881Z,Greaves will start Saturday in St. Louis.,Mark Scheig,105,1.5,0.877,3.5
2026-10-10,2026-10-10T19:55:57.299592+00:00,CBJ,STL,2026-10-10T23:00:00.000Z,STL,home,Jordan Binnington,1984,Confirmed,2026-10-10T15:34:31.920Z,Binnington will start Saturday vs. the Blue Jackets.,Lou Korac,-125,1.5,0.833,6.0
2026-10-10,2026-10-10T19:55:57.299592+00:00,DET,MTL,2026-10-10T23:00:00.000Z,DET,away,Daniil Tarasov,28133,Confirmed,2026-10-08T16:27:30.707Z,Tarasov will start in Montreal on Saturday.,Michael Whitaker,180,1.5,0.889,2.31
2026-10-10,2026-10-10T19:55:57.299592+00:00,DET,MTL,2026-10-10T23:00:00.000Z,MTL,home,Jacob Fowler,38444,Confirmed,2026-10-10T15:15:01.781Z,Fowler will start Saturday vs. the Red Wings.,@CanadiensMTL,-218,1.5,0.0,0.0
2026-10-10,2026-10-10T19:55:57.299592+00:00,NSH,OTT,2026-10-10T23:00:00.000Z,NSH,away,Juuse Saros,2557,,,,,136,1.5,0.916,2.72
2026-10-10,2026-10-10T19:55:57.299592+00:00,NSH,OTT,2026-10-10T23:00:00.000Z,OTT,home,Linus Ullmark,2534,,,,,-162,1.5,0.956,1.13
2026-10-10,2026-10-10T19:55:57.299592+00:00,TOR,COL,2026-10-10T23:00:00.000Z,TOR,away,Anthony Stolarz,2432,,,,,170,1.5,0.904,2.42
2026-10-10,2026-10-10T19:55:57.299592+00:00,TOR,COL,2026-10-10T23:00:00.000Z,COL,home,Mackenzie Blackwood,3792,,,,,-205,1.5,0.895,2.67
2026-10-10,2026-10-10T19:55:57.299592+00:00,DAL,PIT,2026-10-10T23:00:00.000Z,DAL,away,Jake Oettinger,2813,Confirmed,2026-10-10T16:02:24.023Z,Oettinger will start Saturday in Pittsburgh.,Mike Heika,-155,1.5,0.967,0.67
2026-10-10,2026-10-10T19:55:57.299592+00:00,DAL,PIT,2026-10-10T23:00:00.000Z,PIT,home,Arturs Silovs,31270,,,,,130,1.5,0.859,3.37
2026-10-10,2026-10-10T19:55:57.299592+00:00,CAR,CHI,2026-10-10T23:00:00.000Z,CAR,away,Brandon Bussi,30153,,,,,-230,1.5,0.851,3.24
2026-10-10,2026-10-10T19:55:57.299592+00:00,CAR,CHI,2026-10-10T23:00:00.000Z,CHI,home,Spencer Knight,30475,Likely,2026-10-10T14:40:07.494Z,Knight is in the starter's crease at the Blackhawks morning skate.,Charlie Roumeliotis,190,1.5,0.891,3.35
2026-10-10,2026-10-10T19:55:57.299592+00:00,UTA,BUF,2026-10-10T23:00:00.000Z,UTA,away,Karel Vejmelka,26614,,,,,-108,1.5,0.892,2.42
2026-10-10,2026-10-10T19:55:57.299592+00:00,UTA,BUF,2026-10-10T23:00:00.000Z,BUF,home,Colten Ellis,28686,Likely,2026-10-10T14:39:13.677Z,Ellis is in the starter's crease at the Sabres' morning skate.,Paul Hamilton,-112,1.5,0.9,1.85
2026-10-10,2026-10-10T19:55:57.299592+00:00,TBL,NYI,2026-10-10T23:30:00.000Z,TBL,away,Andrei Vasilevskiy,2413,Likely,2026-10-10T15:35:17.992Z,Vasilevskiy skipped the Lightning's optional morning skate; suggesting he will start Saturday.,Gabby Shirley,-170,1.5,0.898,2.05
2026-10-10,2026-10-10T19:55:57.299592+00:00,TBL,NYI,2026-10-10T23:30:00.000Z,NYI,home,Ilya Sorokin,25264,Confirmed,2026-10-10T14:52:37.943Z,Sorokin will start Saturday vs. the Lightning.,Stefen Rosner,142,1.5,0.965,1.01
2026-10-10,2026-10-10T19:55:57.299592+00:00,ANA,CGY,2026-10-11T02:00:00.000Z,ANA,away,Ville Husso,3837,,,,,-125,1.5,1.0,0.0
2026-10-10,2026-10-10T19:55:57.299592+00:00,ANA,CGY,2026-10-11T02:00:00.000Z,CGY,home,Dustin Wolf,29507,Confirmed,2026-10-10T16:21:05.900Z,Wolf will start Saturday vs.the Ducks.,Pat Steinberg,105,1.5,0.797,6.0
2026-10-10,2026-10-10T19:55:57.299592+00:00,LAK,VGK,2026-10-11T02:00:00.000Z,LAK,away,Darcy Kuemper,1692,Likely,2026-10-10T19:47:49.612Z,Kuemper is expected to start in Vegas on Saturday.,LA Kings,136,1.5,0.825,5.08
2026-10-10,2026-10-10T19:55:57.299592+00:00,LAK,VGK,2026-10-11T02:00:00.000Z,VGK,home,Carter Hart,3874,,,,,-162,1.5,0.89,2.7
2026-10-10,2026-10-10T20:11:01.536431+00:00,PHI,BOS,2026-10-10T17:00:00.000Z,PHI,away,Dan Vladar,3831,Confirmed,2026-10-10T14:52:13.118Z,Vladar will start Saturday in Boston.,@NHLFlyers,114,1.5,0.87,4.73
2026-10-10,2026-10-10T20:11:01.536431+00:00,PHI,BOS,2026-10-10T17:00:00.000Z,BOS,home,Jeremy Swayman,28098,Confirmed,2026-10-10T15:59:03.303Z,Swayman will start Saturday vs. the Flyers.,Scott McLaughlin,-135,1.5,0.931,1.86
2026-10-10,2026-10-10T20:11:01.536431+00:00,VAN,NJD,2026-10-10T19:30:00.000Z,VAN,away,Leevi Merilainen,34600,Confirmed,2026-10-10T19:00:10.923Z,Merilainen will start in New Jersey on Saturday.,Mike Morreale,225,1.5,0.95,1.5
2026-10-10,2026-10-10T20:11:01.536431+00:00,VAN,NJD,2026-10-10T19:30:00.000Z,NJD,home,Jake Allen,1305,Confirmed,2026-10-10T17:33:01.008Z,Allen will start Saturday vs. the Canucks.,Kristy Flannery,-278,1.5,0.875,3.47
2026-10-10,2026-10-10T20:11:01.536431+00:00,EDM,SJS,2026-10-10T20:00:00.000Z,EDM,away,Tristan Jarry,2626,Confirmed,2026-10-05T18:02:53.213Z,Jarry will start in San Jose on Saturday.,Jack Michaels,-155,1.5,0.739,5.81
2026-10-10,2026-10-10T20:11:01.536431+00:00,EDM,SJS,2026-10-10T20:00:00.000Z,SJS,home,Yaroslav Askarov,33018,Confirmed,2026-10-10T17:34:49.908Z,Askarov will start Saturday vs. the Oilers.,Curtis Pashelka,130,1.5,0.862,3.85
2026-10-10,2026-10-10T20:11:01.536431+00:00,MIN,FLA,2026-10-10T22:00:00.000Z,MIN,away,Jesper Wallstedt,31763,,,,,114,1.5,0.927,1.98
2026-10-10,2026-10-10T20:11:01.536431+00:00,MIN,FLA,2026-10-10T22:00:00.000Z,FLA,home,Jacob Markstrom,594,Confirmed,2026-10-10T14:44:22.805Z,Markstrom will start Saturday vs. the Wild.,Jameson Olive,-135,1.5,0.929,1.27
2026-10-10,2026-10-10T20:11:01.536431+00:00,CBJ,STL,2026-10-10T23:00:00.000Z,CBJ,away,Jet Greaves,29751,Confirmed,2026-10-10T17:07:13.881Z,Greaves will start Saturday in St. Louis.,Mark Scheig,105,1.5,0.877,3.5
2026-10-10,2026-10-10T20:11:01.536431+00:00,CBJ,STL,2026-10-10T23:00:00.000Z,STL,home,Jordan Binnington,1984,Confirmed,2026-10-10T15:34:31.920Z,Binnington will start Saturday vs. the Blue Jackets.,Lou Korac,-125,1.5,0.833,6.0
2026-10-10,2026-10-10T20:11:01.536431+00:00,DET,MTL,2026-10-10T23:00:00.000Z,DET,away,Daniil Tarasov,28133,Confirmed,2026-10-08T16:27:30.707Z,Tarasov will start in Montreal on Saturday.,Michael Whitaker,180,1.5,0.889,2.31
2026-10-10,2026-10-10T20:11:01.536431+00:00,DET,MTL,2026-10-10T23:00:00.000Z,MTL,home,Jacob Fowler,38444,Confirmed,2026-10-10T15:15:01.781Z,Fowler will start Saturday vs. the Red Wings.,@CanadiensMTL,-218,1.5,0.0,0.0
2026-10-10,2026-10-10T20:11:01.536431+00:00,NSH,OTT,2026-10-10T23:00:00.000Z,NSH,away,Juuse Saros,2557,,,,,136,1.5,0.916,2.72
2026-10-10,2026-10-10T20:11:01.536431+00:00,NSH,OTT,2026-10-10T23:00:00.000Z,OTT,home,Linus Ullmark,2534,,,,,-162,1.5,0.956,1.13
2026-10-10,2026-10-10T20:11:01.536431+00:00,TOR,COL,2026-10-10T23:00:00.000Z,TOR,away,Anthony Stolarz,2432,,,,,170,1.5,0.904,2.42
2026-10-10,2026-10-10T20:11:01.536431+00:00,TOR,COL,2026-10-10T23:00:00.000Z,COL,home,Mackenzie Blackwood,3792,,,,,-205,1.5,0.895,2.67
2026-10-10,2026-10-10T20:11:01.536431+00:00,DAL,PIT,2026-10-10T23:00:00.000Z,DAL,away,Jake Oettinger,2813,Confirmed,2026-10-10T16:02:24.023Z,Oettinger will start Saturday in Pittsburgh.,Mike Heika,-155,1.5,0.967,0.67
2026-10-10,2026-10-10T20:11:01.536431+00:00,DAL,PIT,2026-10-10T23:00:00.000Z,PIT,home,Arturs Silovs,31270,,,,,130,1.5,0.859,3.37
2026-10-10,2026-10-10T20:11:01.536431+00:00,CAR,CHI,2026-10-10T23:00:00.000Z,CAR,away,Brandon Bussi,30153,,,,,-230,1.5,0.851,3.24
2026-10-10,2026-10-10T20:11:01.536431+00:00,CAR,CHI,2026-10-10T23:00:00.000Z,CHI,home,Spencer Knight,30475,Likely,2026-10-10T14:40:07.494Z,Knight is in the starter's crease at the Blackhawks morning skate.,Charlie Roumeliotis,190,1.5,0.891,3.35
2026-10-10,2026-10-10T20:11:01.536431+00:00,UTA,BUF,2026-10-10T23:00:00.000Z,UTA,away,Karel Vejmelka,26614,,,,,-108,1.5,0.892,2.42
2026-10-10,2026-10-10T20:11:01.536431+00:00,UTA,BUF,2026-10-10T23:00:00.000Z,BUF,home,Colten Ellis,28686,Likely,2026-10-10T14:39:13.677Z,Ellis is in the starter's crease at the Sabres' morning skate.,Paul Hamilton,-112,1.5,0.9,1.85
2026-10-10,2026-10-10T20:11:01.536431+00:00,TBL,NYI,2026-10-10T23:30:00.000Z,TBL,away,Andrei Vasilevskiy,2413,Likely,2026-10-10T15:35:17.992Z,Vasilevskiy skipped the Lightning's optional morning skate; suggesting he will start Saturday.,Gabby Shirley,-170,1.5,0.898,2.05
2026-10-10,2026-10-10T20:11:01.536431+00:00,TBL,NYI,2026-10-10T23:30:00.000Z,NYI,home,Ilya Sorokin,25264,Confirmed,2026-10-10T14:52:37.943Z,Sorokin will start Saturday vs. the Lightning.,Stefen Rosner,142,1.5,0.965,1.01
2026-10-10,2026-10-10T20:11:01.536431+00:00,ANA,CGY,2026-10-11T02:00:00.000Z,ANA,away,Ville Husso,3837,,,,,-125,1.5,1.0,0.0
2026-10-10,2026-10-10T20:11:01.536431+00:00,ANA,CGY,2026-10-11T02:00:00.000Z,CGY,home,Dustin Wolf,29507,Confirmed,2026-10-10T16:21:05.900Z,Wolf will start Saturday vs.the Ducks.,Pat Steinberg,105,1.5,0.797,6.0
2026-10-10,2026-10-10T20:11:01.536431+00:00,LAK,VGK,2026-10-11T02:00:00.000Z,LAK,away,Darcy Kuemper,1692,Likely,2026-10-10T19:47:49.612Z,Kuemper is expected to start in Vegas on Saturday.,LA Kings,136,1.5,0.825,5.08
2026-10-10,2026-10-10T20:11:01.536431+00:00,LAK,VGK,2026-10-11T02:00:00.000Z,VGK,home,Carter Hart,3874,,,,,-162,1.5,0.89,2.7
2026-10-10,2026-10-10T20:26:05.294127+00:00,PHI,BOS,2026-10-10T17:00:00.000Z,PHI,away,Dan Vladar,3831,Confirmed,2026-10-10T14:52:13.118Z,Vladar will start Saturday in Boston.,@NHLFlyers,114,1.5,0.87,4.73
2026-10-10,2026-10-10T20:26:05.294127+00:00,PHI,BOS,2026-10-10T17:00:00.000Z,BOS,home,Jeremy Swayman,28098,Confirmed,2026-10-10T15:59:03.303Z,Swayman will start Saturday vs. the Flyers.,Scott McLaughlin,-135,1.5,0.931,1.86
2026-10-10,2026-10-10T20:26:05.294127+00:00,VAN,NJD,2026-10-10T19:30:00.000Z,VAN,away,Leevi Merilainen,34600,Confirmed,2026-10-10T19:00:10.923Z,Merilainen will start in New Jersey on Saturday.,Mike Morreale,225,1.5,0.95,1.5
2026-10-10,2026-10-10T20:26:05.294127+00:00,VAN,NJD,2026-10-10T19:30:00.000Z,NJD,home,Jake Allen,1305,Confirmed,2026-10-10T17:33:01.008Z,Allen will start Saturday vs. the Canucks.,Kristy Flannery,-278,1.5,0.875,3.47
2026-10-10,2026-10-10T20:26:05.294127+00:00,EDM,SJS,2026-10-10T20:00:00.000Z,EDM,away,Tristan Jarry,2626,Confirmed,2026-10-05T18:02:53.213Z,Jarry will start in San Jose on Saturday.,Jack Michaels,-155,1.5,0.739,5.81
2026-10-10,2026-10-10T20:26:05.294127+00:00,EDM,SJS,2026-10-10T20:00:00.000Z,SJS,home,Yaroslav Askarov,33018,Confirmed,2026-10-10T17:34:49.908Z,Askarov will start Saturday vs. the Oilers.,Curtis Pashelka,130,1.5,0.862,3.85
2026-10-10,2026-10-10T20:26:05.294127+00:00,MIN,FLA,2026-10-10T22:00:00.000Z,MIN,away,Jesper Wallstedt,31763,,,,,114,1.5,0.927,1.98
2026-10-10,2026-10-10T20:26:05.294127+00:00,MIN,FLA,2026-10-10T22:00:00.000Z,FLA,home,Jacob Markstrom,594,Confirmed,2026-10-10T14:44:22.805Z,Markstrom will start Saturday vs. the Wild.,Jameson Olive,-135,1.5,0.929,1.27
2026-10-10,2026-10-10T20:26:05.294127+00:00,CBJ,STL,2026-10-10T23:00:00.000Z,CBJ,away,Jet Greaves,29751,Confirmed,2026-10-10T17:07:13.881Z,Greaves will start Saturday in St. Louis.,Mark Scheig,105,1.5,0.877,3.5
2026-10-10,2026-10-10T20:26:05.294127+00:00,CBJ,STL,2026-10-10T23:00:00.000Z,STL,home,Jordan Binnington,1984,Confirmed,2026-10-10T15:34:31.920Z,Binnington will start Saturday vs. the Blue Jackets.,Lou Korac,-125,1.5,0.833,6.0
2026-10-10,2026-10-10T20:26:05.294127+00:00,DET,MTL,2026-10-10T23:00:00.000Z,DET,away,Daniil Tarasov,28133,Confirmed,2026-10-08T16:27:30.707Z,Tarasov will start in Montreal on Saturday.,Michael Whitaker,180,1.5,0.889,2.31
2026-10-10,2026-10-10T20:26:05.294127+00:00,DET,MTL,2026-10-10T23:00:00.000Z,MTL,home,Jacob Fowler,38444,Confirmed,2026-10-10T15:15:01.781Z,Fowler will start Saturday vs. the Red Wings.,@CanadiensMTL,-218,1.5,0.0,0.0
2026-10-10,2026-10-10T20:26:05.294127+00:00,NSH,OTT,2026-10-10T23:00:00.000Z,NSH,away,Juuse Saros,2557,,,,,136,1.5,0.916,2.72
2026-10-10,2026-10-10T20:26:05.294127+00:00,NSH,OTT,2026-10-10T23:00:00.000Z,OTT,home,Linus Ullmark,2534,,,,,-162,1.5,0.956,1.13
2026-10-10,2026-10-10T20:26:05.294127+00:00,TOR,COL,2026-10-10T23:00:00.000Z,TOR,away,Anthony Stolarz,2432,,,,,170,1.5,0.904,2.42
2026-10-10,2026-10-10T20:26:05.294127+00:00,TOR,COL,2026-10-10T23:00:00.000Z,COL,home,Mackenzie Blackwood,3792,,,,,-205,1.5,0.895,2.67
2026-10-10,2026-10-10T20:26:05.294127+00:00,DAL,PIT,2026-10-10T23:00:00.000Z,DAL,away,Jake Oettinger,2813,Confirmed,2026-10-10T16:02:24.023Z,Oettinger will start Saturday in Pittsburgh.,Mike Heika,-155,1.5,0.967,0.67
2026-10-10,2026-10-10T20:26:05.294127+00:00,DAL,PIT,2026-10-10T23:00:00.000Z,PIT,home,Arturs Silovs,31270,,,,,130,1.5,0.859,3.37
2026-10-10,2026-10-10T20:26:05.294127+00:00,CAR,CHI,2026-10-10T23:00:00.000Z,CAR,away,Brandon Bussi,30153,,,,,-230,1.5,0.851,3.24
2026-10-10,2026-10-10T20:26:05.294127+00:00,CAR,CHI,2026-10-10T23:00:00.000Z,CHI,home,Spencer Knight,30475,Likely,2026-10-10T14:40:07.494Z,Knight is in the starter's crease at the Blackhawks morning skate.,Charlie Roumeliotis,190,1.5,0.891,3.35
2026-10-10,2026-10-10T20:26:05.294127+00:00,UTA,BUF,2026-10-10T23:00:00.000Z,UTA,away,Karel Vejmelka,26614,,,,,-108,1.5,0.892,2.42
2026-10-10,2026-10-10T20:26:05.294127+00:00,UTA,BUF,2026-10-10T23:00:00.000Z,BUF,home,Colten Ellis,28686,Likely,2026-10-10T14:39:13.677Z,Ellis is in the starter's crease at the Sabres' morning skate.,Paul Hamilton,-112,1.5,0.9,1.85
2026-10-10,2026-10-10T20:26:05.294127+00:00,TBL,NYI,2026-10-10T23:30:00.000Z,TBL,away,Andrei Vasilevskiy,2413,Likely,2026-10-10T15:35:17.992Z,Vasilevskiy skipped the Lightning's optional morning skate; suggesting he will start Saturday.,Gabby Shirley,-170,1.5,0.898,2.05
2026-10-10,2026-10-10T20:26:05.294127+00:00,TBL,NYI,2026-10-10T23:30:00.000Z,NYI,home,Ilya Sorokin,25264,Confirmed,2026-10-10T14:52:37.943Z,Sorokin will start Saturday vs. the Lightning.,Stefen Rosner,142,1.5,0.965,1.01
2026-10-10,2026-10-10T20:26:05.294127+00:00,ANA,CGY,2026-10-11T02:00:00.000Z,ANA,away,Ville Husso,3837,,,,,-125,1.5,1.0,0.0
2026-10-10,2026-10-10T20:26:05.294127+00:00,ANA,CGY,2026-10-11T02:00:00.000Z,CGY,home,Dustin Wolf,29507,Confirmed,2026-10-10T16:21:05.900Z,Wolf will start Saturday vs.the Ducks.,Pat Steinberg,105,1.5,0.797,6.0
2026-10-10,2026-10-10T20:26:05.294127+00:00,LAK,VGK,2026-10-11T02:00:00.000Z,LAK,away,Darcy Kuemper,1692,Likely,2026-10-10T19:47:49.612Z,Kuemper is expected to start in Vegas on Saturday.,LA Kings,136,1.5,0.825,5.08
2026-10-10,2026-10-10T20:26:05.294127+00:00,LAK,VGK,2026-10-11T02:00:00.000Z,VGK,home,Carter Hart,3874,,,,,-162,1.5,0.89,2.7
2026-10-10,2026-10-10T20:41:08.785836+00:00,PHI,BOS,2026-10-10T17:00:00.000Z,PHI,away,Dan Vladar,3831,Confirmed,2026-10-10T14:52:13.118Z,Vladar will start Saturday in Boston.,@NHLFlyers,114,1.5,0.87,4.73
2026-10-10,2026-10-10T20:41:08.785836+00:00,PHI,BOS,2026-10-10T17:00:00.000Z,BOS,home,Jeremy Swayman,28098,Confirmed,2026-10-10T15:59:03.303Z,Swayman will start Saturday vs. the Flyers.,Scott McLaughlin,-135,1.5,0.931,1.86
2026-10-10,2026-10-10T20:41:08.785836+00:00,VAN,NJD,2026-10-10T19:30:00.000Z,VAN,away,Leevi Merilainen,34600,Confirmed,2026-10-10T19:00:10.923Z,Merilainen will start in New Jersey on Saturday.,Mike Morreale,225,1.5,0.95,1.5
2026-10-10,2026-10-10T20:41:08.785836+00:00,VAN,NJD,2026-10-10T19:30:00.000Z,NJD,home,Jake Allen,1305,Confirmed,2026-10-10T17:33:01.008Z,Allen will start Saturday vs. the Canucks.,Kristy Flannery,-278,1.5,0.875,3.47
2026-10-10,2026-10-10T20:41:08.785836+00:00,EDM,SJS,2026-10-10T20:00:00.000Z,EDM,away,Tristan Jarry,2626,Confirmed,2026-10-05T18:02:53.213Z,Jarry will start in San Jose on Saturday.,Jack Michaels,-155,1.5,0.739,5.81
2026-10-10,2026-10-10T20:41:08.785836+00:00,EDM,SJS,2026-10-10T20:00:00.000Z,SJS,home,Yaroslav Askarov,33018,Confirmed,2026-10-10T17:34:49.908Z,Askarov will start Saturday vs. the Oilers.,Curtis Pashelka,130,1.5,0.862,3.85
2026-10-10,2026-10-10T20:41:08.785836+00:00,MIN,FLA,2026-10-10T22:00:00.000Z,MIN,away,Jesper Wallstedt,31763,,,,,114,1.5,0.927,1.98
2026-10-10,2026-10-10T20:41:08.785836+00:00,MIN,FLA,2026-10-10T22:00:00.000Z,FLA,home,Jacob Markstrom,594,Confirmed,2026-10-10T14:44:22.805Z,Markstrom will start Saturday vs. the Wild.,Jameson Olive,-135,1.5,0.929,1.27
2026-10-10,2026-10-10T20:41:08.785836+00:00,CBJ,STL,2026-10-10T23:00:00.000Z,CBJ,away,Jet Greaves,29751,Confirmed,2026-10-10T17:07:13.881Z,Greaves will start Saturday in St. Louis.,Mark Scheig,105,1.5,0.877,3.5
2026-10-10,2026-10-10T20:41:08.785836+00:00,CBJ,STL,2026-10-10T23:00:00.000Z,STL,home,Jordan Binnington,1984,Confirmed,2026-10-10T15:34:31.920Z,Binnington will start Saturday vs. the Blue Jackets.,Lou Korac,-125,1.5,0.833,6.0
2026-10-10,2026-10-10T20:41:08.785836+00:00,DET,MTL,2026-10-10T23:00:00.000Z,DET,away,Daniil Tarasov,28133,Confirmed,2026-10-08T16:27:30.707Z,Tarasov will start in Montreal on Saturday.,Michael Whitaker,180,1.5,0.889,2.31
2026-10-10,2026-10-10T20:41:08.785836+00:00,DET,MTL,2026-10-10T23:00:00.000Z,MTL,home,Jacob Fowler,38444,Confirmed,2026-10-10T15:15:01.781Z,Fowler will start Saturday vs. the Red Wings.,@CanadiensMTL,-218,1.5,0.0,0.0
2026-10-10,2026-10-10T20:41:08.785836+00:00,NSH,OTT,2026-10-10T23:00:00.000Z,NSH,away,Juuse Saros,2557,,,,,136,1.5,0.916,2.72
2026-10-10,2026-10-10T20:41:08.785836+00:00,NSH,OTT,2026-10-10T23:00:00.000Z,OTT,home,Linus Ullmark,2534,,,,,-162,1.5,0.956,1.13
2026-10-10,2026-10-10T20:41:08.785836+00:00,TOR,COL,2026-10-10T23:00:00.000Z,TOR,away,Anthony Stolarz,2432,,,,,170,1.5,0.904,2.42
2026-10-10,2026-10-10T20:41:08.785836+00:00,TOR,COL,2026-10-10T23:00:00.000Z,COL,home,Mackenzie Blackwood,3792,,,,,-205,1.5,0.895,2.67
2026-10-10,2026-10-10T20:41:08.785836+00:00,DAL,PIT,2026-10-10T23:00:00.000Z,DAL,away,Jake Oettinger,2813,Confirmed,2026-10-10T16:02:24.023Z,Oettinger will start Saturday in Pittsburgh.,Mike Heika,-155,1.5,0.967,0.67
2026-10-10,2026-10-10T20:41:08.785836+00:00,DAL,PIT,2026-10-10T23:00:00.000Z,PIT,home,Arturs Silovs,31270,,,,,130,1.5,0.859,3.37
2026-10-10,2026-10-10T20:41:08.785836+00:00,CAR,CHI,2026-10-10T23:00:00.000Z,CAR,away,Brandon Bussi,30153,,,,,-230,1.5,0.851,3.24
2026-10-10,2026-10-10T20:41:08.785836+00:00,CAR,CHI,2026-10-10T23:00:00.000Z,CHI,home,Spencer Knight,30475,Likely,2026-10-10T14:40:07.494Z,Knight is in the starter's crease at the Blackhawks morning skate.,Charlie Roumeliotis,190,1.5,0.891,3.35
2026-10-10,2026-10-10T20:41:08.785836+00:00,UTA,BUF,2026-10-10T23:00:00.000Z,UTA,away,Karel Vejmelka,26614,,,,,-108,1.5,0.892,2.42
2026-10-10,2026-10-10T20:41:08.785836+00:00,UTA,BUF,2026-10-10T23:00:00.000Z,BUF,home,Colten Ellis,28686,Likely,2026-10-10T14:39:13.677Z,Ellis is in the starter's crease at the Sabres' morning skate.,Paul Hamilton,-112,1.5,0.9,1.85
2026-10-10,2026-10-10T20:41:08.785836+00:00,TBL,NYI,2026-10-10T23:30:00.000Z,TBL,away,Andrei Vasilevskiy,2413,Likely,2026-10-10T15:35:17.992Z,Vasilevskiy skipped the Lightning's optional morning skate; suggesting he will start Saturday.,Gabby Shirley,-170,1.5,0.898,2.05
2026-10-10,2026-10-10T20:41:08.785836+00:00,TBL,NYI,2026-10-10T23:30:00.000Z,NYI,home,Ilya Sorokin,25264,Confirmed,2026-10-10T14:52:37.943Z,Sorokin will start Saturday vs. the Lightning.,Stefen Rosner,142,1.5,0.965,1.01
2026-10-10,2026-10-10T20:41:08.785836+00:00,ANA,CGY,2026-10-11T02:00:00.000Z,ANA,away,Ville Husso,3837,,,,,-125,1.5,1.0,0.0
2026-10-10,2026-10-10T20:41:08.785836+00:00,ANA,CGY,2026-10-11T02:00:00.000Z,CGY,home,Dustin Wolf,29507,Confirmed,2026-10-10T16:21:05.900Z,Wolf will start Saturday vs.the Ducks.,Pat Steinberg,105,1.5,0.797,6.0
2026-10-10,2026-10-10T20:41:08.785836+00:00,LAK,VGK,2026-10-11T02:00:00.000Z,LAK,away,Darcy Kuemper,1692,Likely,2026-10-10T19:47:49.612Z,Kuemper is expected to start in Vegas on Saturday.,LA Kings,136,1.5,0.825,5.08
2026-10-10,2026-10-10T20:41:08.785836+00:00,LAK,VGK,2026-10-11T02:00:00.000Z,VGK,home,Carter Hart,3874,,,,,-162,1.5,0.89,2.7
2026-10-10,2026-10-10T20:56:12.291481+00:00,PHI,BOS,2026-10-10T17:00:00.000Z,PHI,away,Dan Vladar,3831,Confirmed,2026-10-10T14:52:13.118Z,Vladar will start Saturday in Boston.,@NHLFlyers,114,1.5,0.87,4.73
2026-10-10,2026-10-10T20:56:12.291481+00:00,PHI,BOS,2026-10-10T17:00:00.000Z,BOS,home,Jeremy Swayman,28098,Confirmed,2026-10-10T15:59:03.303Z,Swayman will start Saturday vs. the Flyers.,Scott McLaughlin,-135,1.5,0.931,1.86
2026-10-10,2026-10-10T20:56:12.291481+00:00,VAN,NJD,2026-10-10T19:30:00.000Z,VAN,away,Leevi Merilainen,34600,Confirmed,2026-10-10T19:00:10.923Z,Merilainen will start in New Jersey on Saturday.,Mike Morreale,225,1.5,0.95,1.5
2026-10-10,2026-10-10T20:56:12.291481+00:00,VAN,NJD,2026-10-10T19:30:00.000Z,NJD,home,Jake Allen,1305,Confirmed,2026-10-10T17:33:01.008Z,Allen will start Saturday vs. the Canucks.,Kristy Flannery,-278,1.5,0.875,3.47
2026-10-10,2026-10-10T20:56:12.291481+00:00,EDM,SJS,2026-10-10T20:00:00.000Z,EDM,away,Tristan Jarry,2626,Confirmed,2026-10-05T18:02:53.213Z,Jarry will start in San Jose on Saturday.,Jack Michaels,-155,1.5,0.739,5.81
2026-10-10,2026-10-10T20:56:12.291481+00:00,EDM,SJS,2026-10-10T20:00:00.000Z,SJS,home,Yaroslav Askarov,33018,Confirmed,2026-10-10T17:34:49.908Z,Askarov will start Saturday vs. the Oilers.,Curtis Pashelka,130,1.5,0.862,3.85
2026-10-10,2026-10-10T20:56:12.291481+00:00,MIN,FLA,2026-10-10T22:00:00.000Z,MIN,away,Jesper Wallstedt,31763,,,,,114,1.5,0.927,1.98
2026-10-10,2026-10-10T20:56:12.291481+00:00,MIN,FLA,2026-10-10T22:00:00.000Z,FLA,home,Jacob Markstrom,594,Confirmed,2026-10-10T14:44:22.805Z,Markstrom will start Saturday vs. the Wild.,Jameson Olive,-135,1.5,0.929,1.27
2026-10-10,2026-10-10T20:56:12.291481+00:00,CBJ,STL,2026-10-10T23:00:00.000Z,CBJ,away,Jet Greaves,29751,Confirmed,2026-10-10T17:07:13.881Z,Greaves will start Saturday in St. Louis.,Mark Scheig,105,1.5,0.877,3.5
2026-10-10,2026-10-10T20:56:12.291481+00:00,CBJ,STL,2026-10-10T23:00:00.000Z,STL,home,Jordan Binnington,1984,Confirmed,2026-10-10T15:34:31.920Z,Binnington will start Saturday vs. the Blue Jackets.,Lou Korac,-125,1.5,0.833,6.0
2026-10-10,2026-10-10T20:56:12.291481+00:00,DET,MTL,2026-10-10T23:00:00.000Z,DET,away,Daniil Tarasov,28133,Confirmed,2026-10-08T16:27:30.707Z,Tarasov will start in Montreal on Saturday.,Michael Whitaker,180,1.5,0.889,2.31
2026-10-10,2026-10-10T20:56:12.291481+00:00,DET,MTL,2026-10-10T23:00:00.000Z,MTL,home,Jacob Fowler,38444,Confirmed,2026-10-10T15:15:01.781Z,Fowler will start Saturday vs. the Red Wings.,@CanadiensMTL,-218,1.5,0.0,0.0
2026-10-10,2026-10-10T20:56:12.291481+00:00,NSH,OTT,2026-10-10T23:00:00.000Z,NSH,away,Juuse Saros,2557,,,,,136,1.5,0.916,2.72
2026-10-10,2026-10-10T20:56:12.291481+00:00,NSH,OTT,2026-10-10T23:00:00.000Z,OTT,home,Linus Ullmark,2534,,,,,-162,1.5,0.956,1.13
2026-10-10,2026-10-10T20:56:12.291481+00:00,TOR,COL,2026-10-10T23:00:00.000Z,TOR,away,Anthony Stolarz,2432,,,,,170,1.5,0.904,2.42
2026-10-10,2026-10-10T20:56:12.291481+00:00,TOR,COL,2026-10-10T23:00:00.000Z,COL,home,Mackenzie Blackwood,3792,Confirmed,2026-10-10T20:45:51.871Z,Blackwood will start vs. Toronto on Saturday.,Mark Masters,-205,1.5,0.895,2.67
2026-10-10,2026-10-10T20:56:12.291481+00:00,DAL,PIT,2026-10-10T23:00:00.000Z,DAL,away,Jake Oettinger,2813,Confirmed,2026-10-10T16:02:24.023Z,Oettinger will start Saturday in Pittsburgh.,Mike Heika,-155,1.5,0.967,0.67
2026-10-10,2026-10-10T20:56:12.291481+00:00,DAL,PIT,2026-10-10T23:00:00.000Z,PIT,home,Arturs Silovs,31270,,,,,130,1.5,0.859,3.37
2026-10-10,2026-10-10T20:56:12.291481+00:00,CAR,CHI,2026-10-10T23:00:00.000Z,CAR,away,Brandon Bussi,30153,,,,,-230,1.5,0.851,3.24
2026-10-10,2026-10-10T20:56:12.291481+00:00,CAR,CHI,2026-10-10T23:00:00.000Z,CHI,home,Spencer Knight,30475,Likely,2026-10-10T14:40:07.494Z,Knight is in the starter's crease at the Blackhawks morning skate.,Charlie Roumeliotis,190,1.5,0.891,3.35
2026-10-10,2026-10-10T20:56:12.291481+00:00,UTA,BUF,2026-10-10T23:00:00.000Z,UTA,away,Karel Vejmelka,26614,,,,,-108,1.5,0.892,2.42
2026-10-10,2026-10-10T20:56:12.291481+00:00,UTA,BUF,2026-10-10T23:00:00.000Z,BUF,home,Colten Ellis,28686,Likely,2026-10-10T14:39:13.677Z,Ellis is in the starter's crease at the Sabres' morning skate.,Paul Hamilton,-112,1.5,0.9,1.85
2026-10-10,2026-10-10T20:56:12.291481+00:00,TBL,NYI,2026-10-10T23:30:00.000Z,TBL,away,Andrei Vasilevskiy,2413,Likely,2026-10-10T15:35:17.992Z,Vasilevskiy skipped the Lightning's optional morning skate; suggesting he will start Saturday.,Gabby Shirley,-170,1.5,0.898,2.05
2026-10-10,2026-10-10T20:56:12.291481+00:00,TBL,NYI,2026-10-10T23:30:00.000Z,NYI,home,Ilya Sorokin,25264,Confirmed,2026-10-10T14:52:37.943Z,Sorokin will start Saturday vs. the Lightning.,Stefen Rosner,142,1.5,0.965,1.01
2026-10-10,2026-10-10T20:56:12.291481+00:00,ANA,CGY,2026-10-11T02:00:00.000Z,ANA,away,Ville Husso,3837,,,,,-125,1.5,1.0,0.0
2026-10-10,2026-10-10T20:56:12.291481+00:00,ANA,CGY,2026-10-11T02:00:00.000Z,CGY,home,Dustin Wolf,29507,Confirmed,2026-10-10T16:21:05.900Z,Wolf will start Saturday vs.the Ducks.,Pat Steinberg,105,1.5,0.797,6.0
2026-10-10,2026-10-10T20:56:12.291481+00:00,LAK,VGK,2026-10-11T02:00:00.000Z,LAK,away,Darcy Kuemper,1692,Likely,2026-10-10T19:47:49.612Z,Kuemper is expected to start in Vegas on Saturday.,LA Kings,136,1.5,0.825,5.08
2026-10-10,2026-10-10T20:56:12.291481+00:00,LAK,VGK,2026-10-11T02:00:00.000Z,VGK,home,Carter Hart,3874,,,,,-162,1.5,0.89,2.7
2026-10-10,2026-10-10T21:11:16.301072+00:00,PHI,BOS,2026-10-10T17:00:00.000Z,PHI,away,Dan Vladar,3831,Confirmed,2026-10-10T14:52:13.118Z,Vladar will start Saturday in Boston.,@NHLFlyers,114,1.5,0.87,4.73
2026-10-10,2026-10-10T21:11:16.301072+00:00,PHI,BOS,2026-10-10T17:00:00.000Z,BOS,home,Jeremy Swayman,28098,Confirmed,2026-10-10T15:59:03.303Z,Swayman will start Saturday vs. the Flyers.,Scott McLaughlin,-135,1.5,0.931,1.86
2026-10-10,2026-10-10T21:11:16.301072+00:00,VAN,NJD,2026-10-10T19:30:00.000Z,VAN,away,Leevi Merilainen,34600,Confirmed,2026-10-10T19:00:10.923Z,Merilainen will start in New Jersey on Saturday.,Mike Morreale,225,1.5,0.95,1.5
2026-10-10,2026-10-10T21:11:16.301072+00:00,VAN,NJD,2026-10-10T19:30:00.000Z,NJD,home,Jake Allen,1305,Confirmed,2026-10-10T17:33:01.008Z,Allen will start Saturday vs. the Canucks.,Kristy Flannery,-278,1.5,0.875,3.47
2026-10-10,2026-10-10T21:11:16.301072+00:00,EDM,SJS,2026-10-10T20:00:00.000Z,EDM,away,Tristan Jarry,2626,Confirmed,2026-10-05T18:02:53.213Z,Jarry will start in San Jose on Saturday.,Jack Michaels,-155,1.5,0.739,5.81
2026-10-10,2026-10-10T21:11:16.301072+00:00,EDM,SJS,2026-10-10T20:00:00.000Z,SJS,home,Yaroslav Askarov,33018,Confirmed,2026-10-10T17:34:49.908Z,Askarov will start Saturday vs. the Oilers.,Curtis Pashelka,130,1.5,0.862,3.85
2026-10-10,2026-10-10T21:11:16.301072+00:00,MIN,FLA,2026-10-10T22:00:00.000Z,MIN,away,Jesper Wallstedt,31763,,,,,114,1.5,0.927,1.98
2026-10-10,2026-10-10T21:11:16.301072+00:00,MIN,FLA,2026-10-10T22:00:00.000Z,FLA,home,Jacob Markstrom,594,Confirmed,2026-10-10T14:44:22.805Z,Markstrom will start Saturday vs. the Wild.,Jameson Olive,-135,1.5,0.929,1.27
2026-10-10,2026-10-10T21:11:16.301072+00:00,CBJ,STL,2026-10-10T23:00:00.000Z,CBJ,away,Jet Greaves,29751,Confirmed,2026-10-10T17:07:13.881Z,Greaves will start Saturday in St. Louis.,Mark Scheig,105,1.5,0.877,3.5
2026-10-10,2026-10-10T21:11:16.301072+00:00,CBJ,STL,2026-10-10T23:00:00.000Z,STL,home,Jordan Binnington,1984,Confirmed,2026-10-10T15:34:31.920Z,Binnington will start Saturday vs. the Blue Jackets.,Lou Korac,-125,1.5,0.833,6.0
2026-10-10,2026-10-10T21:11:16.301072+00:00,DET,MTL,2026-10-10T23:00:00.000Z,DET,away,Daniil Tarasov,28133,Confirmed,2026-10-08T16:27:30.707Z,Tarasov will start in Montreal on Saturday.,Michael Whitaker,180,1.5,0.889,2.31
2026-10-10,2026-10-10T21:11:16.301072+00:00,DET,MTL,2026-10-10T23:00:00.000Z,MTL,home,Jacob Fowler,38444,Confirmed,2026-10-10T15:15:01.781Z,Fowler will start Saturday vs. the Red Wings.,@CanadiensMTL,-218,1.5,0.0,0.0
2026-10-10,2026-10-10T21:11:16.301072+00:00,NSH,OTT,2026-10-10T23:00:00.000Z,NSH,away,Juuse Saros,2557,,,,,136,1.5,0.916,2.72
2026-10-10,2026-10-10T21:11:16.301072+00:00,NSH,OTT,2026-10-10T23:00:00.000Z,OTT,home,Linus Ullmark,2534,,,,,-162,1.5,0.956,1.13
2026-10-10,2026-10-10T21:11:16.301072+00:00,TOR,COL,2026-10-10T23:00:00.000Z,TOR,away,Anthony Stolarz,2432,,,,,170,1.5,0.904,2.42
2026-10-10,2026-10-10T21:11:16.301072+00:00,TOR,COL,2026-10-10T23:00:00.000Z,COL,home,Mackenzie Blackwood,3792,Confirmed,2026-10-10T20:45:51.871Z,Blackwood will start vs. Toronto on Saturday.,Mark Masters,-205,1.5,0.895,2.67
2026-10-10,2026-10-10T21:11:16.301072+00:00,DAL,PIT,2026-10-10T23:00:00.000Z,DAL,away,Jake Oettinger,2813,Confirmed,2026-10-10T16:02:24.023Z,Oettinger will start Saturday in Pittsburgh.,Mike Heika,-155,1.5,0.967,0.67
2026-10-10,2026-10-10T21:11:16.301072+00:00,DAL,PIT,2026-10-10T23:00:00.000Z,PIT,home,Arturs Silovs,31270,,,,,130,1.5,0.859,3.37
2026-10-10,2026-10-10T21:11:16.301072+00:00,CAR,CHI,2026-10-10T23:00:00.000Z,CAR,away,Brandon Bussi,30153,,,,,-230,1.5,0.851,3.24
2026-10-10,2026-10-10T21:11:16.301072+00:00,CAR,CHI,2026-10-10T23:00:00.000Z,CHI,home,Spencer Knight,30475,Likely,2026-10-10T14:40:07.494Z,Knight is in the starter's crease at the Blackhawks morning skate.,Charlie Roumeliotis,190,1.5,0.891,3.35
2026-10-10,2026-10-10T21:11:16.301072+00:00,UTA,BUF,2026-10-10T23:00:00.000Z,UTA,away,Karel Vejmelka,26614,,,,,-108,1.5,0.892,2.42
2026-10-10,2026-10-10T21:11:16.301072+00:00,UTA,BUF,2026-10-10T23:00:00.000Z,BUF,home,Colten Ellis,28686,Likely,2026-10-10T14:39:13.677Z,Ellis is in the starter's crease at the Sabres' morning skate.,Paul Hamilton,-112,1.5,0.9,1.85
2026-10-10,2026-10-10T21:11:16.301072+00:00,TBL,NYI,2026-10-10T23:30:00.000Z,TBL,away,Andrei Vasilevskiy,2413,Likely,2026-10-10T15:35:17.992Z,Vasilevskiy skipped the Lightning's optional morning skate; suggesting he will start Saturday.,Gabby Shirley,-170,1.5,0.898,2.05
2026-10-10,2026-10-10T21:11:16.301072+00:00,TBL,NYI,2026-10-10T23:30:00.000Z,NYI,home,Ilya Sorokin,25264,Confirmed,2026-10-10T14:52:37.943Z,Sorokin will start Saturday vs. the Lightning.,Stefen Rosner,142,1.5,0.965,1.01
2026-10-10,2026-10-10T21:11:16.301072+00:00,ANA,CGY,2026-10-11T02:00:00.000Z,ANA,away,Ville Husso,3837,,,,,-125,1.5,1.0,0.0
2026-10-10,2026-10-10T21:11:16.301072+00:00,ANA,CGY,2026-10-11T02:00:00.000Z,CGY,home,Dustin Wolf,29507,Confirmed,2026-10-10T16:21:05.900Z,Wolf will start Saturday vs.the Ducks.,Pat Steinberg,105,1.5,0.797,6.0
2026-10-10,2026-10-10T21:11:16.301072+00:00,LAK,VGK,2026-10-11T02:00:00.000Z,LAK,away,Darcy Kuemper,1692,Likely,2026-10-10T19:47:49.612Z,Kuemper is expected to start in Vegas on Saturday.,LA Kings,136,1.5,0.825,5.08
2026-10-10,2026-10-10T21:11:16.301072+00:00,LAK,VGK,2026-10-11T02:00:00.000Z,VGK,home,Carter Hart,3874,,,,,-162,1.5,0.89,2.7
2026-10-10,2026-10-10T21:26:19.827348+00:00,PHI,BOS,2026-10-10T17:00:00.000Z,PHI,away,Dan Vladar,3831,Confirmed,2026-10-10T14:52:13.118Z,Vladar will start Saturday in Boston.,@NHLFlyers,114,1.5,0.87,4.73
2026-10-10,2026-10-10T21:26:19.827348+00:00,PHI,BOS,2026-10-10T17:00:00.000Z,BOS,home,Jeremy Swayman,28098,Confirmed,2026-10-10T15:59:03.303Z,Swayman will start Saturday vs. the Flyers.,Scott McLaughlin,-135,1.5,0.931,1.86
2026-10-10,2026-10-10T21:26:19.827348+00:00,VAN,NJD,2026-10-10T19:30:00.000Z,VAN,away,Leevi Merilainen,34600,Confirmed,2026-10-10T19:00:10.923Z,Merilainen will start in New Jersey on Saturday.,Mike Morreale,225,1.5,0.95,1.5
2026-10-10,2026-10-10T21:26:19.827348+00:00,VAN,NJD,2026-10-10T19:30:00.000Z,NJD,home,Jake Allen,1305,Confirmed,2026-10-10T17:33:01.008Z,Allen will start Saturday vs. the Canucks.,Kristy Flannery,-278,1.5,0.875,3.47
2026-10-10,2026-10-10T21:26:19.827348+00:00,EDM,SJS,2026-10-10T20:00:00.000Z,EDM,away,Tristan Jarry,2626,Confirmed,2026-10-05T18:02:53.213Z,Jarry will start in San Jose on Saturday.,Jack Michaels,-155,1.5,0.739,5.81
2026-10-10,2026-10-10T21:26:19.827348+00:00,EDM,SJS,2026-10-10T20:00:00.000Z,SJS,home,Yaroslav Askarov,33018,Confirmed,2026-10-10T17:34:49.908Z,Askarov will start Saturday vs. the Oilers.,Curtis Pashelka,130,1.5,0.862,3.85
2026-10-10,2026-10-10T21:26:19.827348+00:00,MIN,FLA,2026-10-10T22:00:00.000Z,MIN,away,Jesper Wallstedt,31763,,,,,114,1.5,0.927,1.98
2026-10-10,2026-10-10T21:26:19.827348+00:00,MIN,FLA,2026-10-10T22:00:00.000Z,FLA,home,Jacob Markstrom,594,Confirmed,2026-10-10T14:44:22.805Z,Markstrom will start Saturday vs. the Wild.,Jameson Olive,-135,1.5,0.929,1.27
2026-10-10,2026-10-10T21:26:19.827348+00:00,CBJ,STL,2026-10-10T23:00:00.000Z,CBJ,away,Jet Greaves,29751,Confirmed,2026-10-10T17:07:13.881Z,Greaves will start Saturday in St. Louis.,Mark Scheig,105,1.5,0.877,3.5
2026-10-10,2026-10-10T21:26:19.827348+00:00,CBJ,STL,2026-10-10T23:00:00.000Z,STL,home,Jordan Binnington,1984,Confirmed,2026-10-10T15:34:31.920Z,Binnington will start Saturday vs. the Blue Jackets.,Lou Korac,-125,1.5,0.833,6.0
2026-10-10,2026-10-10T21:26:19.827348+00:00,DET,MTL,2026-10-10T23:00:00.000Z,DET,away,Daniil Tarasov,28133,Confirmed,2026-10-08T16:27:30.707Z,Tarasov will start in Montreal on Saturday.,Michael Whitaker,180,1.5,0.889,2.31
2026-10-10,2026-10-10T21:26:19.827348+00:00,DET,MTL,2026-10-10T23:00:00.000Z,MTL,home,Jacob Fowler,38444,Confirmed,2026-10-10T15:15:01.781Z,Fowler will start Saturday vs. the Red Wings.,@CanadiensMTL,-218,1.5,0.0,0.0
2026-10-10,2026-10-10T21:26:19.827348+00:00,NSH,OTT,2026-10-10T23:00:00.000Z,NSH,away,Juuse Saros,2557,,,,,136,1.5,0.916,2.72
2026-10-10,2026-10-10T21:26:19.827348+00:00,NSH,OTT,2026-10-10T23:00:00.000Z,OTT,home,Linus Ullmark,2534,,,,,-162,1.5,0.956,1.13
2026-10-10,2026-10-10T21:26:19.827348+00:00,TOR,COL,2026-10-10T23:00:00.000Z,TOR,away,Anthony Stolarz,2432,,,,,170,1.5,0.904,2.42
2026-10-10,2026-10-10T21:26:19.827348+00:00,TOR,COL,2026-10-10T23:00:00.000Z,COL,home,Mackenzie Blackwood,3792,Confirmed,2026-10-10T20:45:51.871Z,Blackwood will start vs. Toronto on Saturday.,Mark Masters,-205,1.5,0.895,2.67
2026-10-10,2026-10-10T21:26:19.827348+00:00,DAL,PIT,2026-10-10T23:00:00.000Z,DAL,away,Jake Oettinger,2813,Confirmed,2026-10-10T16:02:24.023Z,Oettinger will start Saturday in Pittsburgh.,Mike Heika,-155,1.5,0.967,0.67
2026-10-10,2026-10-10T21:26:19.827348+00:00,DAL,PIT,2026-10-10T23:00:00.000Z,PIT,home,Arturs Silovs,31270,Confirmed,2026-10-10T21:11:57.050Z,Silovs will start vs. Dallas on Saturday.,Josh Getzoff,130,1.5,0.859,3.37
2026-10-10,2026-10-10T21:26:19.827348+00:00,CAR,CHI,2026-10-10T23:00:00.000Z,CAR,away,Brandon Bussi,30153,,,,,-230,1.5,0.851,3.24
2026-10-10,2026-10-10T21:26:19.827348+00:00,CAR,CHI,2026-10-10T23:00:00.000Z,CHI,home,Spencer Knight,30475,Likely,2026-10-10T14:40:07.494Z,Knight is in the starter's crease at the Blackhawks morning skate.,Charlie Roumeliotis,190,1.5,0.891,3.35
2026-10-10,2026-10-10T21:26:19.827348+00:00,UTA,BUF,2026-10-10T23:00:00.000Z,UTA,away,Karel Vejmelka,26614,,,,,-108,1.5,0.892,2.42
2026-10-10,2026-10-10T21:26:19.827348+00:00,UTA,BUF,2026-10-10T23:00:00.000Z,BUF,home,Colten Ellis,28686,Likely,2026-10-10T14:39:13.677Z,Ellis is in the starter's crease at the Sabres' morning skate.,Paul Hamilton,-112,1.5,0.9,1.85
2026-10-10,2026-10-10T21:26:19.827348+00:00,TBL,NYI,2026-10-10T23:30:00.000Z,TBL,away,Andrei Vasilevskiy,2413,Likely,2026-10-10T15:35:17.992Z,Vasilevskiy skipped the Lightning's optional morning skate; suggesting he will start Saturday.,Gabby Shirley,-170,1.5,0.898,2.05
2026-10-10,2026-10-10T21:26:19.827348+00:00,TBL,NYI,2026-10-10T23:30:00.000Z,NYI,home,Ilya Sorokin,25264,Confirmed,2026-10-10T14:52:37.943Z,Sorokin will start Saturday vs. the Lightning.,Stefen Rosner,142,1.5,0.965,1.01
2026-10-10,2026-10-10T21:26:19.827348+00:00,ANA,CGY,2026-10-11T02:00:00.000Z,ANA,away,Ville Husso,3837,,,,,-125,1.5,1.0,0.0
2026-10-10,2026-10-10T21:26:19.827348+00:00,ANA,CGY,2026-10-11T02:00:00.000Z,CGY,home,Dustin Wolf,29507,Confirmed,2026-10-10T16:21:05.900Z,Wolf will start Saturday vs.the Ducks.,Pat Steinberg,105,1.5,0.797,6.0
2026-10-10,2026-10-10T21:26:19.827348+00:00,LAK,VGK,2026-10-11T02:00:00.000Z,LAK,away,Darcy Kuemper,1692,Likely,2026-10-10T19:47:49.612Z,Kuemper is expected to start in Vegas on Saturday.,LA Kings,136,1.5,0.825,5.08
2026-10-10,2026-10-10T21:26:19.827348+00:00,LAK,VGK,2026-10-11T02:00:00.000Z,VGK,home,Carter Hart,3874,,,,,-162,1.5,0.89,2.7
2026-10-10,2026-10-10T21:41:23.465789+00:00,PHI,BOS,2026-10-10T17:00:00.000Z,PHI,away,Dan Vladar,3831,Confirmed,2026-10-10T14:52:13.118Z,Vladar will start Saturday in Boston.,@NHLFlyers,114,1.5,0.857,5.06
2026-10-10,2026-10-10T21:41:23.465789+00:00,PHI,BOS,2026-10-10T17:00:00.000Z,BOS,home,Jeremy Swayman,28098,Confirmed,2026-10-10T15:59:03.303Z,Swayman will start Saturday vs. the Flyers.,Scott McLaughlin,-135,1.5,0.932,1.79
2026-10-10,2026-10-10T21:41:23.465789+00:00,VAN,NJD,2026-10-10T19:30:00.000Z,VAN,away,Leevi Merilainen,34600,Confirmed,2026-10-10T19:00:10.923Z,Merilainen will start in New Jersey on Saturday.,Mike Morreale,225,1.5,0.921,2.61
2026-10-10,2026-10-10T21:41:23.465789+00:00,VAN,NJD,2026-10-10T19:30:00.000Z,NJD,home,Jake Allen,1305,Confirmed,2026-10-10T17:33:01.008Z,Allen will start Saturday vs. the Canucks.,Kristy Flannery,-278,1.5,0.889,2.98
2026-10-10,2026-10-10T21:41:23.465789+00:00,EDM,SJS,2026-10-10T20:00:00.000Z,EDM,away,Tristan Jarry,2626,Confirmed,2026-10-05T18:02:53.213Z,Jarry will start in San Jose on Saturday.,Jack Michaels,-155,1.5,0.793,4.09
2026-10-10,2026-10-10T21:41:23.465789+00:00,EDM,SJS,2026-10-10T20:00:00.000Z,SJS,home,Yaroslav Askarov,33018,Confirmed,2026-10-10T17:34:49.908Z,Askarov will start Saturday vs. the Oilers.,Curtis Pashelka,130,1.5,0.859,3.66
2026-10-10,2026-10-10T21:41:23.465789+00:00,MIN,FLA,2026-10-10T22:00:00.000Z,MIN,away,Jesper Wallstedt,31763,Confirmed,2026-10-10T21:31:52.122Z,Wallstedt will start in Florida on Saturday.,Michael Russo,114,1.5,0.927,1.98
2026-10-10,2026-10-10T21:41:23.465789+00:00,MIN,FLA,2026-10-10T22:00:00.000Z,FLA,home,Jacob Markstrom,594,Confirmed,2026-10-10T14:44:22.805Z,Markstrom will start Saturday vs. the Wild.,Jameson Olive,-135,1.5,0.929,1.27
2026-10-10,2026-10-10T21:41:23.465789+00:00,CBJ,STL,2026-10-10T23:00:00.000Z,CBJ,away,Jet Greaves,29751,Confirmed,2026-10-10T17:07:13.881Z,Greaves will start Saturday in St. Louis.,Mark Scheig,105,1.5,0.877,3.5
2026-10-10,2026-10-10T21:41:23.465789+00:00,CBJ,STL,2026-10-10T23:00:00.000Z,STL,home,Jordan Binnington,1984,Confirmed,2026-10-10T15:34:31.920Z,Binnington will start Saturday vs. the Blue Jackets.,Lou Korac,-125,1.5,0.833,6.0
2026-10-10,2026-10-10T21:41:23.465789+00:00,DET,MTL,2026-10-10T23:00:00.000Z,DET,away,Daniil Tarasov,28133,Confirmed,2026-10-08T16:27:30.707Z,Tarasov will start in Montreal on Saturday.,Michael Whitaker,180,1.5,0.889,2.31
2026-10-10,2026-10-10T21:41:23.465789+00:00,DET,MTL,2026-10-10T23:00:00.000Z,MTL,home,Jacob Fowler,38444,Confirmed,2026-10-10T15:15:01.781Z,Fowler will start Saturday vs. the Red Wings.,@CanadiensMTL,-218,1.5,0.0,0.0
2026-10-10,2026-10-10T21:41:23.465789+00:00,NSH,OTT,2026-10-10T23:00:00.000Z,NSH,away,Juuse Saros,2557,,,,,136,1.5,0.916,2.72
2026-10-10,2026-10-10T21:41:23.465789+00:00,NSH,OTT,2026-10-10T23:00:00.000Z,OTT,home,Linus Ullmark,2534,,,,,-162,1.5,0.956,1.13
2026-10-10,2026-10-10T21:41:23.465789+00:00,TOR,COL,2026-10-10T23:00:00.000Z,TOR,away,Anthony Stolarz,2432,,,,,170,1.5,0.904,2.42
2026-10-10,2026-10-10T21:41:23.465789+00:00,TOR,COL,2026-10-10T23:00:00.000Z,COL,home,Mackenzie Blackwood,3792,Confirmed,2026-10-10T20:45:51.871Z,Blackwood will start vs. Toronto on Saturday.,Mark Masters,-205,1.5,0.895,2.67
2026-10-10,2026-10-10T21:41:23.465789+00:00,DAL,PIT,2026-10-10T23:00:00.000Z,DAL,away,Jake Oettinger,2813,Confirmed,2026-10-10T16:02:24.023Z,Oettinger will start Saturday in Pittsburgh.,Mike Heika,-155,1.5,0.967,0.67
2026-10-10,2026-10-10T21:41:23.465789+00:00,DAL,PIT,2026-10-10T23:00:00.000Z,PIT,home,Arturs Silovs,31270,Confirmed,2026-10-10T21:11:57.050Z,Silovs will start vs. Dallas on Saturday.,Josh Getzoff,130,1.5,0.859,3.37
2026-10-10,2026-10-10T21:41:23.465789+00:00,CAR,CHI,2026-10-10T23:00:00.000Z,CAR,away,Brandon Bussi,30153,,,,,-230,1.5,0.851,3.24
2026-10-10,2026-10-10T21:41:23.465789+00:00,CAR,CHI,2026-10-10T23:00:00.000Z,CHI,home,Spencer Knight,30475,Likely,2026-10-10T14:40:07.494Z,Knight is in the starter's crease at the Blackhawks morning skate.,Charlie Roumeliotis,190,1.5,0.891,3.35
2026-10-10,2026-10-10T21:41:23.465789+00:00,UTA,BUF,2026-10-10T23:00:00.000Z,UTA,away,Karel Vejmelka,26614,,,,,-108,1.5,0.892,2.42
2026-10-10,2026-10-10T21:41:23.465789+00:00,UTA,BUF,2026-10-10T23:00:00.000Z,BUF,home,Colten Ellis,28686,Likely,2026-10-10T14:39:13.677Z,Ellis is in the starter's crease at the Sabres' morning skate.,Paul Hamilton,-112,1.5,0.9,1.85
2026-10-10,2026-10-10T21:41:23.465789+00:00,TBL,NYI,2026-10-10T23:30:00.000Z,TBL,away,Andrei Vasilevskiy,2413,Likely,2026-10-10T15:35:17.992Z,Vasilevskiy skipped the Lightning's optional morning skate; suggesting he will start Saturday.,Gabby Shirley,-170,1.5,0.898,2.05
2026-10-10,2026-10-10T21:41:23.465789+00:00,TBL,NYI,2026-10-10T23:30:00.000Z,NYI,home,Ilya Sorokin,25264,Confirmed,2026-10-10T14:52:37.943Z,Sorokin will start Saturday vs. the Lightning.,Stefen Rosner,142,1.5,0.965,1.01
2026-10-10,2026-10-10T21:41:23.465789+00:00,ANA,CGY,2026-10-11T02:00:00.000Z,ANA,away,Ville Husso,3837,,,,,-125,1.5,1.0,0.0
2026-10-10,2026-10-10T21:41:23.465789+00:00,ANA,CGY,2026-10-11T02:00:00.000Z,CGY,home,Dustin Wolf,29507,Confirmed,2026-10-10T16:21:05.900Z,Wolf will start Saturday vs.the Ducks.,Pat Steinberg,105,1.5,0.797,6.0
2026-10-10,2026-10-10T21:41:23.465789+00:00,LAK,VGK,2026-10-11T02:00:00.000Z,LAK,away,Darcy Kuemper,1692,Likely,2026-10-10T19:47:49.612Z,Kuemper is expected to start in Vegas on Saturday.,LA Kings,136,1.5,0.825,5.08
2026-10-10,2026-10-10T21:41:23.465789+00:00,LAK,VGK,2026-10-11T02:00:00.000Z,VGK,home,Carter Hart,3874,,,,,-162,1.5,0.89,2.7
2026-10-10,2026-10-10T21:56:27.151667+00:00,PHI,BOS,2026-10-10T17:00:00.000Z,PHI,away,Dan Vladar,3831,Confirmed,2026-10-10T14:52:13.118Z,Vladar will start Saturday in Boston.,@NHLFlyers,114,1.5,0.857,5.06
2026-10-10,2026-10-10T21:56:27.151667+00:00,PHI,BOS,2026-10-10T17:00:00.000Z,BOS,home,Jeremy Swayman,28098,Confirmed,2026-10-10T15:59:03.303Z,Swayman will start Saturday vs. the Flyers.,Scott McLaughlin,-135,1.5,0.932,1.79
2026-10-10,2026-10-10T21:56:27.151667+00:00,VAN,NJD,2026-10-10T19:30:00.000Z,VAN,away,Leevi Merilainen,34600,Confirmed,2026-10-10T19:00:10.923Z,Merilainen will start in New Jersey on Saturday.,Mike Morreale,225,1.5,0.921,2.61
2026-10-10,2026-10-10T21:56:27.151667+00:00,VAN,NJD,2026-10-10T19:30:00.000Z,NJD,home,Jake Allen,1305,Confirmed,2026-10-10T17:33:01.008Z,Allen will start Saturday vs. the Canucks.,Kristy Flannery,-278,1.5,0.889,2.98
2026-10-10,2026-10-10T21:56:27.151667+00:00,EDM,SJS,2026-10-10T20:00:00.000Z,EDM,away,Tristan Jarry,2626,Confirmed,2026-10-05T18:02:53.213Z,Jarry will start in San Jose on Saturday.,Jack Michaels,-155,1.5,0.793,4.09
2026-10-10,2026-10-10T21:56:27.151667+00:00,EDM,SJS,2026-10-10T20:00:00.000Z,SJS,home,Yaroslav Askarov,33018,Confirmed,2026-10-10T17:34:49.908Z,Askarov will start Saturday vs. the Oilers.,Curtis Pashelka,130,1.5,0.859,3.66
2026-10-10,2026-10-10T21:56:27.151667+00:00,MIN,FLA,2026-10-10T22:00:00.000Z,MIN,away,Jesper Wallstedt,31763,Confirmed,2026-10-10T21:31:52.122Z,Wallstedt will start in Florida on Saturday.,Michael Russo,114,1.5,0.927,1.98
2026-10-10,2026-10-10T21:56:27.151667+00:00,MIN,FLA,2026-10-10T22:00:00.000Z,FLA,home,Jacob Markstrom,594,Confirmed,2026-10-10T14:44:22.805Z,Markstrom will start Saturday vs. the Wild.,Jameson Olive,-135,1.5,0.929,1.27
2026-10-10,2026-10-10T21:56:27.151667+00:00,CBJ,STL,2026-10-10T23:00:00.000Z,CBJ,away,Jet Greaves,29751,Confirmed,2026-10-10T17:07:13.881Z,Greaves will start Saturday in St. Louis.,Mark Scheig,105,1.5,0.877,3.5
2026-10-10,2026-10-10T21:56:27.151667+00:00,CBJ,STL,2026-10-10T23:00:00.000Z,STL,home,Jordan Binnington,1984,Confirmed,2026-10-10T15:34:31.920Z,Binnington will start Saturday vs. the Blue Jackets.,Lou Korac,-125,1.5,0.833,6.0
2026-10-10,2026-10-10T21:56:27.151667+00:00,DET,MTL,2026-10-10T23:00:00.000Z,DET,away,Daniil Tarasov,28133,Confirmed,2026-10-08T16:27:30.707Z,Tarasov will start in Montreal on Saturday.,Michael Whitaker,180,1.5,0.889,2.31
2026-10-10,2026-10-10T21:56:27.151667+00:00,DET,MTL,2026-10-10T23:00:00.000Z,MTL,home,Jacob Fowler,38444,Confirmed,2026-10-10T15:15:01.781Z,Fowler will start Saturday vs. the Red Wings.,@CanadiensMTL,-218,1.5,0.0,0.0
2026-10-10,2026-10-10T21:56:27.151667+00:00,NSH,OTT,2026-10-10T23:00:00.000Z,NSH,away,Juuse Saros,2557,,,,,136,1.5,0.916,2.72
2026-10-10,2026-10-10T21:56:27.151667+00:00,NSH,OTT,2026-10-10T23:00:00.000Z,OTT,home,Linus Ullmark,2534,,,,,-162,1.5,0.956,1.13
2026-10-10,2026-10-10T21:56:27.151667+00:00,TOR,COL,2026-10-10T23:00:00.000Z,TOR,away,Anthony Stolarz,2432,,,,,170,1.5,0.904,2.42
2026-10-10,2026-10-10T21:56:27.151667+00:00,TOR,COL,2026-10-10T23:00:00.000Z,COL,home,Mackenzie Blackwood,3792,Confirmed,2026-10-10T20:45:51.871Z,Blackwood will start vs. Toronto on Saturday.,Mark Masters,-205,1.5,0.895,2.67
2026-10-10,2026-10-10T21:56:27.151667+00:00,DAL,PIT,2026-10-10T23:00:00.000Z,DAL,away,Jake Oettinger,2813,Confirmed,2026-10-10T16:02:24.023Z,Oettinger will start Saturday in Pittsburgh.,Mike Heika,-155,1.5,0.967,0.67
2026-10-10,2026-10-10T21:56:27.151667+00:00,DAL,PIT,2026-10-10T23:00:00.000Z,PIT,home,Arturs Silovs,31270,Confirmed,2026-10-10T21:11:57.050Z,Silovs will start vs. Dallas on Saturday.,Josh Getzoff,130,1.5,0.859,3.37
2026-10-10,2026-10-10T21:56:27.151667+00:00,CAR,CHI,2026-10-10T23:00:00.000Z,CAR,away,Brandon Bussi,30153,,,,,-230,1.5,0.851,3.24
2026-10-10,2026-10-10T21:56:27.151667+00:00,CAR,CHI,2026-10-10T23:00:00.000Z,CHI,home,Spencer Knight,30475,Likely,2026-10-10T14:40:07.494Z,Knight is in the starter's crease at the Blackhawks morning skate.,Charlie Roumeliotis,190,1.5,0.891,3.35
2026-10-10,2026-10-10T21:56:27.151667+00:00,UTA,BUF,2026-10-10T23:00:00.000Z,UTA,away,Karel Vejmelka,26614,,,,,-108,1.5,0.892,2.42
2026-10-10,2026-10-10T21:56:27.151667+00:00,UTA,BUF,2026-10-10T23:00:00.000Z,BUF,home,Colten Ellis,28686,Likely,2026-10-10T14:39:13.677Z,Ellis is in the starter's crease at the Sabres' morning skate.,Paul Hamilton,-112,1.5,0.9,1.85
2026-10-10,2026-10-10T21:56:27.151667+00:00,TBL,NYI,2026-10-10T23:30:00.000Z,TBL,away,Andrei Vasilevskiy,2413,Likely,2026-10-10T15:35:17.992Z,Vasilevskiy skipped the Lightning's optional morning skate; suggesting he will start Saturday.,Gabby Shirley,-170,1.5,0.898,2.05
2026-10-10,2026-10-10T21:56:27.151667+00:00,TBL,NYI,2026-10-10T23:30:00.000Z,NYI,home,Ilya Sorokin,25264,Confirmed,2026-10-10T14:52:37.943Z,Sorokin will start Saturday vs. the Lightning.,Stefen Rosner,142,1.5,0.965,1.01
2026-10-10,2026-10-10T21:56:27.151667+00:00,ANA,CGY,2026-10-11T02:00:00.000Z,ANA,away,Ville Husso,3837,,,,,-125,1.5,1.0,0.0
2026-10-10,2026-10-10T21:56:27.151667+00:00,ANA,CGY,2026-10-11T02:00:00.000Z,CGY,home,Dustin Wolf,29507,Confirmed,2026-10-10T16:21:05.900Z,Wolf will start Saturday vs.the Ducks.,Pat Steinberg,105,1.5,0.797,6.0
2026-10-10,2026-10-10T21:56:27.151667+00:00,LAK,VGK,2026-10-11T02:00:00.000Z,LAK,away,Darcy Kuemper,1692,Likely,2026-10-10T19:47:49.612Z,Kuemper is expected to start in Vegas on Saturday.,LA Kings,136,1.5,0.825,5.08
2026-10-10,2026-10-10T21:56:27.151667+00:00,LAK,VGK,2026-10-11T02:00:00.000Z,VGK,home,Carter Hart,3874,,,,,-162,1.5,0.89,2.7
2026-10-10,2026-10-10T22:11:30.618852+00:00,PHI,BOS,2026-10-10T17:00:00.000Z,PHI,away,Dan Vladar,3831,Confirmed,2026-10-10T14:52:13.118Z,Vladar will start Saturday in Boston.,@NHLFlyers,114,1.5,0.857,5.06
2026-10-10,2026-10-10T22:11:30.618852+00:00,PHI,BOS,2026-10-10T17:00:00.000Z,BOS,home,Jeremy Swayman,28098,Confirmed,2026-10-10T15:59:03.303Z,Swayman will start Saturday vs. the Flyers.,Scott McLaughlin,-135,1.5,0.932,1.79
2026-10-10,2026-10-10T22:11:30.618852+00:00,VAN,NJD,2026-10-10T19:30:00.000Z,VAN,away,Leevi Merilainen,34600,Confirmed,2026-10-10T19:00:10.923Z,Merilainen will start in New Jersey on Saturday.,Mike Morreale,225,1.5,0.921,2.61
2026-10-10,2026-10-10T22:11:30.618852+00:00,VAN,NJD,2026-10-10T19:30:00.000Z,NJD,home,Jake Allen,1305,Confirmed,2026-10-10T17:33:01.008Z,Allen will start Saturday vs. the Canucks.,Kristy Flannery,-278,1.5,0.889,2.98
2026-10-10,2026-10-10T22:11:30.618852+00:00,EDM,SJS,2026-10-10T20:00:00.000Z,EDM,away,Tristan Jarry,2626,Confirmed,2026-10-05T18:02:53.213Z,Jarry will start in San Jose on Saturday.,Jack Michaels,-155,1.5,0.793,4.09
2026-10-10,2026-10-10T22:11:30.618852+00:00,EDM,SJS,2026-10-10T20:00:00.000Z,SJS,home,Yaroslav Askarov,33018,Confirmed,2026-10-10T17:34:49.908Z,Askarov will start Saturday vs. the Oilers.,Curtis Pashelka,130,1.5,0.859,3.66
2026-10-10,2026-10-10T22:11:30.618852+00:00,MIN,FLA,2026-10-10T22:00:00.000Z,MIN,away,Jesper Wallstedt,31763,Confirmed,2026-10-10T21:31:52.122Z,Wallstedt will start in Florida on Saturday.,Michael Russo,114,1.5,0.927,1.98
2026-10-10,2026-10-10T22:11:30.618852+00:00,MIN,FLA,2026-10-10T22:00:00.000Z,FLA,home,Jacob Markstrom,594,Confirmed,2026-10-10T14:44:22.805Z,Markstrom will start Saturday vs. the Wild.,Jameson Olive,-135,1.5,0.929,1.27
2026-10-10,2026-10-10T22:11:30.618852+00:00,CBJ,STL,2026-10-10T23:00:00.000Z,CBJ,away,Jet Greaves,29751,Confirmed,2026-10-10T17:07:13.881Z,Greaves will start Saturday in St. Louis.,Mark Scheig,105,1.5,0.877,3.5
2026-10-10,2026-10-10T22:11:30.618852+00:00,CBJ,STL,2026-10-10T23:00:00.000Z,STL,home,Jordan Binnington,1984,Confirmed,2026-10-10T15:34:31.920Z,Binnington will start Saturday vs. the Blue Jackets.,Lou Korac,-125,1.5,0.833,6.0
2026-10-10,2026-10-10T22:11:30.618852+00:00,DET,MTL,2026-10-10T23:00:00.000Z,DET,away,Daniil Tarasov,28133,Confirmed,2026-10-08T16:27:30.707Z,Tarasov will start in Montreal on Saturday.,Michael Whitaker,180,1.5,0.889,2.31
2026-10-10,2026-10-10T22:11:30.618852+00:00,DET,MTL,2026-10-10T23:00:00.000Z,MTL,home,Jacob Fowler,38444,Confirmed,2026-10-10T15:15:01.781Z,Fowler will start Saturday vs. the Red Wings.,@CanadiensMTL,-218,1.5,0.0,0.0
2026-10-10,2026-10-10T22:11:30.618852+00:00,NSH,OTT,2026-10-10T23:00:00.000Z,NSH,away,Juuse Saros,2557,,,,,136,1.5,0.916,2.72
2026-10-10,2026-10-10T22:11:30.618852+00:00,NSH,OTT,2026-10-10T23:00:00.000Z,OTT,home,Linus Ullmark,2534,,,,,-162,1.5,0.956,1.13
2026-10-10,2026-10-10T22:11:30.618852+00:00,TOR,COL,2026-10-10T23:00:00.000Z,TOR,away,Anthony Stolarz,2432,,,,,170,1.5,0.904,2.42
2026-10-10,2026-10-10T22:11:30.618852+00:00,TOR,COL,2026-10-10T23:00:00.000Z,COL,home,Mackenzie Blackwood,3792,Confirmed,2026-10-10T20:45:51.871Z,Blackwood will start vs. Toronto on Saturday.,Mark Masters,-205,1.5,0.895,2.67
2026-10-10,2026-10-10T22:11:30.618852+00:00,DAL,PIT,2026-10-10T23:00:00.000Z,DAL,away,Jake Oettinger,2813,Confirmed,2026-10-10T16:02:24.023Z,Oettinger will start Saturday in Pittsburgh.,Mike Heika,-155,1.5,0.967,0.67
2026-10-10,2026-10-10T22:11:30.618852+00:00,DAL,PIT,2026-10-10T23:00:00.000Z,PIT,home,Arturs Silovs,31270,Confirmed,2026-10-10T21:11:57.050Z,Silovs will start vs. Dallas on Saturday.,Josh Getzoff,130,1.5,0.859,3.37
2026-10-10,2026-10-10T22:11:30.618852+00:00,CAR,CHI,2026-10-10T23:00:00.000Z,CAR,away,Brandon Bussi,30153,,,,,-230,1.5,0.851,3.24
2026-10-10,2026-10-10T22:11:30.618852+00:00,CAR,CHI,2026-10-10T23:00:00.000Z,CHI,home,Spencer Knight,30475,Likely,2026-10-10T14:40:07.494Z,Knight is in the starter's crease at the Blackhawks morning skate.,Charlie Roumeliotis,190,1.5,0.891,3.35
2026-10-10,2026-10-10T22:11:30.618852+00:00,UTA,BUF,2026-10-10T23:00:00.000Z,UTA,away,Karel Vejmelka,26614,,,,,-108,1.5,0.892,2.42
2026-10-10,2026-10-10T22:11:30.618852+00:00,UTA,BUF,2026-10-10T23:00:00.000Z,BUF,home,Colten Ellis,28686,Likely,2026-10-10T14:39:13.677Z,Ellis is in the starter's crease at the Sabres' morning skate.,Paul Hamilton,-112,1.5,0.9,1.85
2026-10-10,2026-10-10T22:11:30.618852+00:00,TBL,NYI,2026-10-10T23:30:00.000Z,TBL,away,Andrei Vasilevskiy,2413,Likely,2026-10-10T15:35:17.992Z,Vasilevskiy skipped the Lightning's optional morning skate; suggesting he will start Saturday.,Gabby Shirley,-170,1.5,0.898,2.05
2026-10-10,2026-10-10T22:11:30.618852+00:00,TBL,NYI,2026-10-10T23:30:00.000Z,NYI,home,Ilya Sorokin,25264,Confirmed,2026-10-10T14:52:37.943Z,Sorokin will start Saturday vs. the Lightning.,Stefen Rosner,142,1.5,0.965,1.01
2026-10-10,2026-10-10T22:11:30.618852+00:00,ANA,CGY,2026-10-11T02:00:00.000Z,ANA,away,Ville Husso,3837,,,,,-125,1.5,1.0,0.0
2026-10-10,2026-10-10T22:11:30.618852+00:00,ANA,CGY,2026-10-11T02:00:00.000Z,CGY,home,Dustin Wolf,29507,Confirmed,2026-10-10T16:21:05.900Z,Wolf will start Saturday vs.the Ducks.,Pat Steinberg,105,1.5,0.797,6.0
2026-10-10,2026-10-10T22:11:30.618852+00:00,LAK,VGK,2026-10-11T02:00:00.000Z,LAK,away,Darcy Kuemper,1692,Likely,2026-10-10T19:47:49.612Z,Kuemper is expected to start in Vegas on Saturday.,LA Kings,136,1.5,0.825,5.08
2026-10-10,2026-10-10T22:11:30.618852+00:00,LAK,VGK,2026-10-11T02:00:00.000Z,VGK,home,Carter Hart,3874,,,,,-162,1.5,0.89,2.7
2026-10-10,2026-10-10T22:26:34.207502+00:00,PHI,BOS,2026-10-10T17:00:00.000Z,PHI,away,Dan Vladar,3831,Confirmed,2026-10-10T14:52:13.118Z,Vladar will start Saturday in Boston.,@NHLFlyers,114,1.5,0.857,5.06
2026-10-10,2026-10-10T22:26:34.207502+00:00,PHI,BOS,2026-10-10T17:00:00.000Z,BOS,home,Jeremy Swayman,28098,Confirmed,2026-10-10T15:59:03.303Z,Swayman will start Saturday vs. the Flyers.,Scott McLaughlin,-135,1.5,0.932,1.79
2026-10-10,2026-10-10T22:26:34.207502+00:00,VAN,NJD,2026-10-10T19:30:00.000Z,VAN,away,Leevi Merilainen,34600,Confirmed,2026-10-10T19:00:10.923Z,Merilainen will start in New Jersey on Saturday.,Mike Morreale,225,1.5,0.921,2.61
2026-10-10,2026-10-10T22:26:34.207502+00:00,VAN,NJD,2026-10-10T19:30:00.000Z,NJD,home,Jake Allen,1305,Confirmed,2026-10-10T17:33:01.008Z,Allen will start Saturday vs. the Canucks.,Kristy Flannery,-278,1.5,0.889,2.98
2026-10-10,2026-10-10T22:26:34.207502+00:00,EDM,SJS,2026-10-10T20:00:00.000Z,EDM,away,Tristan Jarry,2626,Confirmed,2026-10-05T18:02:53.213Z,Jarry will start in San Jose on Saturday.,Jack Michaels,-155,1.5,0.793,4.09
2026-10-10,2026-10-10T22:26:34.207502+00:00,EDM,SJS,2026-10-10T20:00:00.000Z,SJS,home,Yaroslav Askarov,33018,Confirmed,2026-10-10T17:34:49.908Z,Askarov will start Saturday vs. the Oilers.,Curtis Pashelka,130,1.5,0.859,3.66
2026-10-10,2026-10-10T22:26:34.207502+00:00,MIN,FLA,2026-10-10T22:00:00.000Z,MIN,away,Jesper Wallstedt,31763,Confirmed,2026-10-10T21:31:52.122Z,Wallstedt will start in Florida on Saturday.,Michael Russo,114,1.5,0.927,1.98
2026-10-10,2026-10-10T22:26:34.207502+00:00,MIN,FLA,2026-10-10T22:00:00.000Z,FLA,home,Jacob Markstrom,594,Confirmed,2026-10-10T14:44:22.805Z,Markstrom will start Saturday vs. the Wild.,Jameson Olive,-135,1.5,0.929,1.27
2026-10-10,2026-10-10T22:26:34.207502+00:00,CBJ,STL,2026-10-10T23:00:00.000Z,CBJ,away,Jet Greaves,29751,Confirmed,2026-10-10T17:07:13.881Z,Greaves will start Saturday in St. Louis.,Mark Scheig,105,1.5,0.877,3.5
2026-10-10,2026-10-10T22:26:34.207502+00:00,CBJ,STL,2026-10-10T23:00:00.000Z,STL,home,Jordan Binnington,1984,Confirmed,2026-10-10T15:34:31.920Z,Binnington will start Saturday vs. the Blue Jackets.,Lou Korac,-125,1.5,0.833,6.0
2026-10-10,2026-10-10T22:26:34.207502+00:00,DET,MTL,2026-10-10T23:00:00.000Z,DET,away,Daniil Tarasov,28133,Confirmed,2026-10-08T16:27:30.707Z,Tarasov will start in Montreal on Saturday.,Michael Whitaker,180,1.5,0.889,2.31
2026-10-10,2026-10-10T22:26:34.207502+00:00,DET,MTL,2026-10-10T23:00:00.000Z,MTL,home,Jacob Fowler,38444,Confirmed,2026-10-10T15:15:01.781Z,Fowler will start Saturday vs. the Red Wings.,@CanadiensMTL,-218,1.5,0.0,0.0
2026-10-10,2026-10-10T22:26:34.207502+00:00,NSH,OTT,2026-10-10T23:00:00.000Z,NSH,away,Juuse Saros,2557,,,,,136,1.5,0.916,2.72
2026-10-10,2026-10-10T22:26:34.207502+00:00,NSH,OTT,2026-10-10T23:00:00.000Z,OTT,home,Linus Ullmark,2534,,,,,-162,1.5,0.956,1.13
2026-10-10,2026-10-10T22:26:34.207502+00:00,TOR,COL,2026-10-10T23:00:00.000Z,TOR,away,Anthony Stolarz,2432,,,,,170,1.5,0.904,2.42
2026-10-10,2026-10-10T22:26:34.207502+00:00,TOR,COL,2026-10-10T23:00:00.000Z,COL,home,Mackenzie Blackwood,3792,Confirmed,2026-10-10T20:45:51.871Z,Blackwood will start vs. Toronto on Saturday.,Mark Masters,-205,1.5,0.895,2.67
2026-10-10,2026-10-10T22:26:34.207502+00:00,DAL,PIT,2026-10-10T23:00:00.000Z,DAL,away,Jake Oettinger,2813,Confirmed,2026-10-10T16:02:24.023Z,Oettinger will start Saturday in Pittsburgh.,Mike Heika,-155,1.5,0.967,0.67
2026-10-10,2026-10-10T22:26:34.207502+00:00,DAL,PIT,2026-10-10T23:00:00.000Z,PIT,home,Arturs Silovs,31270,Confirmed,2026-10-10T21:11:57.050Z,Silovs will start vs. Dallas on Saturday.,Josh Getzoff,130,1.5,0.859,3.37
2026-10-10,2026-10-10T22:26:34.207502+00:00,CAR,CHI,2026-10-10T23:00:00.000Z,CAR,away,Brandon Bussi,30153,,,,,-230,1.5,0.851,3.24
2026-10-10,2026-10-10T22:26:34.207502+00:00,CAR,CHI,2026-10-10T23:00:00.000Z,CHI,home,Spencer Knight,30475,Likely,2026-10-10T14:40:07.494Z,Knight is in the starter's crease at the Blackhawks morning skate.,Charlie Roumeliotis,190,1.5,0.891,3.35
2026-10-10,2026-10-10T22:26:34.207502+00:00,UTA,BUF,2026-10-10T23:00:00.000Z,UTA,away,Karel Vejmelka,26614,,,,,-108,1.5,0.892,2.42
2026-10-10,2026-10-10T22:26:34.207502+00:00,UTA,BUF,2026-10-10T23:00:00.000Z,BUF,home,Colten Ellis,28686,Likely,2026-10-10T14:39:13.677Z,Ellis is in the starter's crease at the Sabres' morning skate.,Paul Hamilton,-112,1.5,0.9,1.85
2026-10-10,2026-10-10T22:26:34.207502+00:00,TBL,NYI,2026-10-10T23:30:00.000Z,TBL,away,Andrei Vasilevskiy,2413,Likely,2026-10-10T15:35:17.992Z,Vasilevskiy skipped the Lightning's optional morning skate; suggesting he will start Saturday.,Gabby Shirley,-170,1.5,0.898,2.05
2026-10-10,2026-10-10T22:26:34.207502+00:00,TBL,NYI,2026-10-10T23:30:00.000Z,NYI,home,Ilya Sorokin,25264,Confirmed,2026-10-10T14:52:37.943Z,Sorokin will start Saturday vs. the Lightning.,Stefen Rosner,142,1.5,0.965,1.01
2026-10-10,2026-10-10T22:26:34.207502+00:00,ANA,CGY,2026-10-11T02:00:00.000Z,ANA,away,Ville Husso,3837,,,,,-125,1.5,1.0,0.0
2026-10-10,2026-10-10T22:26:34.207502+00:00,ANA,CGY,2026-10-11T02:00:00.000Z,CGY,home,Dustin Wolf,29507,Confirmed,2026-10-10T16:21:05.900Z,Wolf will start Saturday vs.the Ducks.,Pat Steinberg,105,1.5,0.797,6.0
2026-10-10,2026-10-10T22:26:34.207502+00:00,LAK,VGK,2026-10-11T02:00:00.000Z,LAK,away,Darcy Kuemper,1692,Likely,2026-10-10T19:47:49.612Z,Kuemper is expected to start in Vegas on Saturday.,LA Kings,136,1.5,0.825,5.08
2026-10-10,2026-10-10T22:26:34.207502+00:00,LAK,VGK,2026-10-11T02:00:00.000Z,VGK,home,Carter Hart,3874,,,,,-162,1.5,0.89,2.7
2026-10-10,2026-10-10T22:41:37.617001+00:00,PHI,BOS,2026-10-10T17:00:00.000Z,PHI,away,Dan Vladar,3831,Confirmed,2026-10-10T14:52:13.118Z,Vladar will start Saturday in Boston.,@NHLFlyers,114,1.5,0.857,5.06
2026-10-10,2026-10-10T22:41:37.617001+00:00,PHI,BOS,2026-10-10T17:00:00.000Z,BOS,home,Jeremy Swayman,28098,Confirmed,2026-10-10T15:59:03.303Z,Swayman will start Saturday vs. the Flyers.,Scott McLaughlin,-135,1.5,0.932,1.79
2026-10-10,2026-10-10T22:41:37.617001+00:00,VAN,NJD,2026-10-10T19:30:00.000Z,VAN,away,Leevi Merilainen,34600,Confirmed,2026-10-10T19:00:10.923Z,Merilainen will start in New Jersey on Saturday.,Mike Morreale,225,1.5,0.932,2.22
2026-10-10,2026-10-10T22:41:37.617001+00:00,VAN,NJD,2026-10-10T19:30:00.000Z,NJD,home,Jake Allen,1305,Confirmed,2026-10-10T17:33:01.008Z,Allen will start Saturday vs. the Canucks.,Kristy Flannery,-278,1.5,0.896,2.65
2026-10-10,2026-10-10T22:41:37.617001+00:00,EDM,SJS,2026-10-10T20:00:00.000Z,EDM,away,Tristan Jarry,2626,Confirmed,2026-10-05T18:02:53.213Z,Jarry will start in San Jose on Saturday.,Jack Michaels,-155,1.5,0.846,3.27
2026-10-10,2026-10-10T22:41:37.617001+00:00,EDM,SJS,2026-10-10T20:00:00.000Z,SJS,home,Yaroslav Askarov,33018,Confirmed,2026-10-10T17:34:49.908Z,Askarov will start Saturday vs. the Oilers.,Curtis Pashelka,130,1.5,0.853,3.83
2026-10-10,2026-10-10T22:41:37.617001+00:00,MIN,FLA,2026-10-10T22:00:00.000Z,MIN,away,Jesper Wallstedt,31763,Confirmed,2026-10-10T21:31:52.122Z,Wallstedt will start in Florida on Saturday.,Michael Russo,114,1.5,0.929,1.97
2026-10-10,2026-10-10T22:41:37.617001+00:00,MIN,FLA,2026-10-10T22:00:00.000Z,FLA,home,Jacob Markstrom,594,Confirmed,2026-10-10T14:44:22.805Z,Markstrom will start Saturday vs. the Wild.,Jameson Olive,-135,1.5,0.912,1.58
2026-10-10,2026-10-10T22:41:37.617001+00:00,CBJ,STL,2026-10-10T23:00:00.000Z,CBJ,away,Jet Greaves,29751,Confirmed,2026-10-10T17:07:13.881Z,Greaves will start Saturday in St. Louis.,Mark Scheig,105,1.5,0.877,3.5
2026-10-10,2026-10-10T22:41:37.617001+00:00,CBJ,STL,2026-10-10T23:00:00.000Z,STL,home,Jordan Binnington,1984,Confirmed,2026-10-10T15:34:31.920Z,Binnington will start Saturday vs. the Blue Jackets.,Lou Korac,-125,1.5,0.833,6.0
2026-10-10,2026-10-10T22:41:37.617001+00:00,DET,MTL,2026-10-10T23:00:00.000Z,DET,away,Daniil Tarasov,28133,Confirmed,2026-10-08T16:27:30.707Z,Tarasov will start in Montreal on Saturday.,Michael Whitaker,180,1.5,0.889,2.31
2026-10-10,2026-10-10T22:41:37.617001+00:00,DET,MTL,2026-10-10T23:00:00.000Z,MTL,home,Jacob Fowler,38444,Confirmed,2026-10-10T15:15:01.781Z,Fowler will start Saturday vs. the Red Wings.,@CanadiensMTL,-218,1.5,0.0,0.0
2026-10-10,2026-10-10T22:41:37.617001+00:00,NSH,OTT,2026-10-10T23:00:00.000Z,NSH,away,Matthew Murray,27664,Confirmed,2026-10-10T22:36:16.814Z,Murray will start in Ottawa on Saturday.,Alex Daugherty,136,1.5,,
2026-10-10,2026-10-10T22:41:37.617001+00:00,NSH,OTT,2026-10-10T23:00:00.000Z,OTT,home,Linus Ullmark,2534,Confirmed,2026-10-10T22:38:10.567Z,Ullmark will start vs. Nashville on Saturday.,Julian McKenzie,-162,1.5,0.956,1.13
2026-10-10,2026-10-10T22:41:37.617001+00:00,TOR,COL,2026-10-10T23:00:00.000Z,TOR,away,Anthony Stolarz,2432,,,,,170,1.5,0.904,2.42
2026-10-10,2026-10-10T22:41:37.617001+00:00,TOR,COL,2026-10-10T23:00:00.000Z,COL,home,Mackenzie Blackwood,3792,Confirmed,2026-10-10T20:45:51.871Z,Blackwood will start vs. Toronto on Saturday.,Mark Masters,-205,1.5,0.895,2.67
2026-10-10,2026-10-10T22:41:37.617001+00:00,DAL,PIT,2026-10-10T23:00:00.000Z,DAL,away,Jake Oettinger,2813,Confirmed,2026-10-10T16:02:24.023Z,Oettinger will start Saturday in Pittsburgh.,Mike Heika,-155,1.5,0.967,0.67
2026-10-10,2026-10-10T22:41:37.617001+00:00,DAL,PIT,2026-10-10T23:00:00.000Z,PIT,home,Arturs Silovs,31270,Confirmed,2026-10-10T21:11:57.050Z,Silovs will start vs. Dallas on Saturday.,Josh Getzoff,130,1.5,0.859,3.37
2026-10-10,2026-10-10T22:41:37.617001+00:00,CAR,CHI,2026-10-10T23:00:00.000Z,CAR,away,Brandon Bussi,30153,Confirmed,2026-10-10T22:32:57.137Z,Bussi will start in Chicago on Saturday.,Jack Bushman,-230,1.5,0.851,3.24
2026-10-10,2026-10-10T22:41:37.617001+00:00,CAR,CHI,2026-10-10T23:00:00.000Z,CHI,home,Spencer Knight,30475,Confirmed,2026-10-10T22:33:23.198Z,Knight will start vs. Carolina on Saturday.,Jack Bushman,190,1.5,0.891,3.35
2026-10-10,2026-10-10T22:41:37.617001+00:00,UTA,BUF,2026-10-10T23:00:00.000Z,UTA,away,Karel Vejmelka,26614,Confirmed,2026-10-10T22:30:48.083Z,Vejmelka will start in Buffalo on Saturday.,Heather Engel,-108,1.5,0.892,2.42
2026-10-10,2026-10-10T22:41:37.617001+00:00,UTA,BUF,2026-10-10T23:00:00.000Z,BUF,home,Colten Ellis,28686,Confirmed,2026-10-10T22:30:23.667Z,Ellis will start vs. Utah on Saturday.,Heather Engel,-112,1.5,0.9,1.85
2026-10-10,2026-10-10T22:41:37.617001+00:00,TBL,NYI,2026-10-10T23:30:00.000Z,TBL,away,Andrei Vasilevskiy,2413,Likely,2026-10-10T15:35:17.992Z,Vasilevskiy skipped the Lightning's optional morning skate; suggesting he will start Saturday.,Gabby Shirley,-170,1.5,0.898,2.05
2026-10-10,2026-10-10T22:41:37.617001+00:00,TBL,NYI,2026-10-10T23:30:00.000Z,NYI,home,Ilya Sorokin,25264,Confirmed,2026-10-10T14:52:37.943Z,Sorokin will start Saturday vs. the Lightning.,Stefen Rosner,142,1.5,0.965,1.01
2026-10-10,2026-10-10T22:41:37.617001+00:00,ANA,CGY,2026-10-11T02:00:00.000Z,ANA,away,Ville Husso,3837,,,,,-125,1.5,1.0,0.0
2026-10-10,2026-10-10T22:41:37.617001+00:00,ANA,CGY,2026-10-11T02:00:00.000Z,CGY,home,Dustin Wolf,29507,Confirmed,2026-10-10T16:21:05.900Z,Wolf will start Saturday vs.the Ducks.,Pat Steinberg,105,1.5,0.797,6.0
2026-10-10,2026-10-10T22:41:37.617001+00:00,LAK,VGK,2026-10-11T02:00:00.000Z,LAK,away,Darcy Kuemper,1692,Likely,2026-10-10T19:47:49.612Z,Kuemper is expected to start in Vegas on Saturday.,LA Kings,136,1.5,0.825,5.08
2026-10-10,2026-10-10T22:41:37.617001+00:00,LAK,VGK,2026-10-11T02:00:00.000Z,VGK,home,Carter Hart,3874,,,,,-162,1.5,0.89,2.7
2026-10-10,2026-10-10T22:56:41.052093+00:00,PHI,BOS,2026-10-10T17:00:00.000Z,PHI,away,Dan Vladar,3831,Confirmed,2026-10-10T14:52:13.118Z,Vladar will start Saturday in Boston.,@NHLFlyers,114,1.5,0.857,5.06
2026-10-10,2026-10-10T22:56:41.052093+00:00,PHI,BOS,2026-10-10T17:00:00.000Z,BOS,home,Jeremy Swayman,28098,Confirmed,2026-10-10T15:59:03.303Z,Swayman will start Saturday vs. the Flyers.,Scott McLaughlin,-135,1.5,0.932,1.79
2026-10-10,2026-10-10T22:56:41.052093+00:00,VAN,NJD,2026-10-10T19:30:00.000Z,VAN,away,Leevi Merilainen,34600,Confirmed,2026-10-10T19:00:10.923Z,Merilainen will start in New Jersey on Saturday.,Mike Morreale,225,1.5,0.932,2.22
2026-10-10,2026-10-10T22:56:41.052093+00:00,VAN,NJD,2026-10-10T19:30:00.000Z,NJD,home,Jake Allen,1305,Confirmed,2026-10-10T17:33:01.008Z,Allen will start Saturday vs. the Canucks.,Kristy Flannery,-278,1.5,0.896,2.65
2026-10-10,2026-10-10T22:56:41.052093+00:00,EDM,SJS,2026-10-10T20:00:00.000Z,EDM,away,Tristan Jarry,2626,Confirmed,2026-10-05T18:02:53.213Z,Jarry will start in San Jose on Saturday.,Jack Michaels,-155,1.5,0.846,3.27
2026-10-10,2026-10-10T22:56:41.052093+00:00,EDM,SJS,2026-10-10T20:00:00.000Z,SJS,home,Yaroslav Askarov,33018,Confirmed,2026-10-10T17:34:49.908Z,Askarov will start Saturday vs. the Oilers.,Curtis Pashelka,130,1.5,0.853,3.83
2026-10-10,2026-10-10T22:56:41.052093+00:00,MIN,FLA,2026-10-10T22:00:00.000Z,MIN,away,Jesper Wallstedt,31763,Confirmed,2026-10-10T21:31:52.122Z,Wallstedt will start in Florida on Saturday.,Michael Russo,114,1.5,0.929,1.97
2026-10-10,2026-10-10T22:56:41.052093+00:00,MIN,FLA,2026-10-10T22:00:00.000Z,FLA,home,Jacob Markstrom,594,Confirmed,2026-10-10T14:44:22.805Z,Markstrom will start Saturday vs. the Wild.,Jameson Olive,-135,1.5,0.912,1.58
2026-10-10,2026-10-10T22:56:41.052093+00:00,CBJ,STL,2026-10-10T23:00:00.000Z,CBJ,away,Jet Greaves,29751,Confirmed,2026-10-10T17:07:13.881Z,Greaves will start Saturday in St. Louis.,Mark Scheig,105,1.5,0.877,3.5
2026-10-10,2026-10-10T22:56:41.052093+00:00,CBJ,STL,2026-10-10T23:00:00.000Z,STL,home,Jordan Binnington,1984,Confirmed,2026-10-10T15:34:31.920Z,Binnington will start Saturday vs. the Blue Jackets.,Lou Korac,-125,1.5,0.833,6.0
2026-10-10,2026-10-10T22:56:41.052093+00:00,DET,MTL,2026-10-10T23:00:00.000Z,DET,away,Daniil Tarasov,28133,Confirmed,2026-10-08T16:27:30.707Z,Tarasov will start in Montreal on Saturday.,Michael Whitaker,180,1.5,0.889,2.31
2026-10-10,2026-10-10T22:56:41.052093+00:00,DET,MTL,2026-10-10T23:00:00.000Z,MTL,home,Jacob Fowler,38444,Confirmed,2026-10-10T15:15:01.781Z,Fowler will start Saturday vs. the Red Wings.,@CanadiensMTL,-218,1.5,0.0,0.0
2026-10-10,2026-10-10T22:56:41.052093+00:00,NSH,OTT,2026-10-10T23:00:00.000Z,NSH,away,Matthew Murray,27664,Confirmed,2026-10-10T22:36:16.814Z,Murray will start in Ottawa on Saturday.,Alex Daugherty,136,1.5,,
2026-10-10,2026-10-10T22:56:41.052093+00:00,NSH,OTT,2026-10-10T23:00:00.000Z,OTT,home,Linus Ullmark,2534,Confirmed,2026-10-10T22:38:10.567Z,Ullmark will start vs. Nashville on Saturday.,Julian McKenzie,-162,1.5,0.956,1.13
2026-10-10,2026-10-10T22:56:41.052093+00:00,TOR,COL,2026-10-10T23:00:00.000Z,TOR,away,Sergei Bobrovsky,1117,Confirmed,2026-10-10T22:41:16.839Z,Bobrovsky will start in Colorado on Saturday.,Mark Masters,170,1.5,0.906,2.95
2026-10-10,2026-10-10T22:56:41.052093+00:00,TOR,COL,2026-10-10T23:00:00.000Z,COL,home,Mackenzie Blackwood,3792,Confirmed,2026-10-10T20:45:51.871Z,Blackwood will start vs. Toronto on Saturday.,Mark Masters,-205,1.5,0.895,2.67
2026-10-10,2026-10-10T22:56:41.052093+00:00,DAL,PIT,2026-10-10T23:00:00.000Z,DAL,away,Jake Oettinger,2813,Confirmed,2026-10-10T16:02:24.023Z,Oettinger will start Saturday in Pittsburgh.,Mike Heika,-155,1.5,0.967,0.67
2026-10-10,2026-10-10T22:56:41.052093+00:00,DAL,PIT,2026-10-10T23:00:00.000Z,PIT,home,Arturs Silovs,31270,Confirmed,2026-10-10T21:11:57.050Z,Silovs will start vs. Dallas on Saturday.,Josh Getzoff,130,1.5,0.859,3.37
2026-10-10,2026-10-10T22:56:41.052093+00:00,CAR,CHI,2026-10-10T23:00:00.000Z,CAR,away,Brandon Bussi,30153,Confirmed,2026-10-10T22:32:57.137Z,Bussi will start in Chicago on Saturday.,Jack Bushman,-230,1.5,0.851,3.24
2026-10-10,2026-10-10T22:56:41.052093+00:00,CAR,CHI,2026-10-10T23:00:00.000Z,CHI,home,Spencer Knight,30475,Confirmed,2026-10-10T22:33:23.198Z,Knight will start vs. Carolina on Saturday.,Jack Bushman,190,1.5,0.891,3.35
2026-10-10,2026-10-10T22:56:41.052093+00:00,UTA,BUF,2026-10-10T23:00:00.000Z,UTA,away,Karel Vejmelka,26614,Confirmed,2026-10-10T22:30:48.083Z,Vejmelka will start in Buffalo on Saturday.,Heather Engel,-108,1.5,0.892,2.42
2026-10-10,2026-10-10T22:56:41.052093+00:00,UTA,BUF,2026-10-10T23:00:00.000Z,BUF,home,Colten Ellis,28686,Confirmed,2026-10-10T22:30:23.667Z,Ellis will start vs. Utah on Saturday.,Heather Engel,-112,1.5,0.9,1.85
2026-10-10,2026-10-10T22:56:41.052093+00:00,TBL,NYI,2026-10-10T23:30:00.000Z,TBL,away,Andrei Vasilevskiy,2413,Likely,2026-10-10T15:35:17.992Z,Vasilevskiy skipped the Lightning's optional morning skate; suggesting he will start Saturday.,Gabby Shirley,-170,1.5,0.898,2.05
2026-10-10,2026-10-10T22:56:41.052093+00:00,TBL,NYI,2026-10-10T23:30:00.000Z,NYI,home,Ilya Sorokin,25264,Confirmed,2026-10-10T14:52:37.943Z,Sorokin will start Saturday vs. the Lightning.,Stefen Rosner,142,1.5,0.965,1.01
2026-10-10,2026-10-10T22:56:41.052093+00:00,ANA,CGY,2026-10-11T02:00:00.000Z,ANA,away,Ville Husso,3837,,,,,-125,1.5,1.0,0.0
2026-10-10,2026-10-10T22:56:41.052093+00:00,ANA,CGY,2026-10-11T02:00:00.000Z,CGY,home,Dustin Wolf,29507,Confirmed,2026-10-10T16:21:05.900Z,Wolf will start Saturday vs.the Ducks.,Pat Steinberg,105,1.5,0.797,6.0
2026-10-10,2026-10-10T22:56:41.052093+00:00,LAK,VGK,2026-10-11T02:00:00.000Z,LAK,away,Darcy Kuemper,1692,Likely,2026-10-10T19:47:49.612Z,Kuemper is expected to start in Vegas on Saturday.,LA Kings,136,1.5,0.825,5.08
2026-10-10,2026-10-10T22:56:41.052093+00:00,LAK,VGK,2026-10-11T02:00:00.000Z,VGK,home,Carter Hart,3874,,,,,-162,1.5,0.89,2.7
2026-10-10,2026-10-10T23:11:44.720144+00:00,PHI,BOS,2026-10-10T17:00:00.000Z,PHI,away,Dan Vladar,3831,Confirmed,2026-10-10T14:52:13.118Z,Vladar will start Saturday in Boston.,@NHLFlyers,114,1.5,0.857,5.06
2026-10-10,2026-10-10T23:11:44.720144+00:00,PHI,BOS,2026-10-10T17:00:00.000Z,BOS,home,Jeremy Swayman,28098,Confirmed,2026-10-10T15:59:03.303Z,Swayman will start Saturday vs. the Flyers.,Scott McLaughlin,-135,1.5,0.932,1.79
2026-10-10,2026-10-10T23:11:44.720144+00:00,VAN,NJD,2026-10-10T19:30:00.000Z,VAN,away,Leevi Merilainen,34600,Confirmed,2026-10-10T19:00:10.923Z,Merilainen will start in New Jersey on Saturday.,Mike Morreale,225,1.5,0.932,2.22
2026-10-10,2026-10-10T23:11:44.720144+00:00,VAN,NJD,2026-10-10T19:30:00.000Z,NJD,home,Jake Allen,1305,Confirmed,2026-10-10T17:33:01.008Z,Allen will start Saturday vs. the Canucks.,Kristy Flannery,-278,1.5,0.896,2.65
2026-10-10,2026-10-10T23:11:44.720144+00:00,EDM,SJS,2026-10-10T20:00:00.000Z,EDM,away,Tristan Jarry,2626,Confirmed,2026-10-05T18:02:53.213Z,Jarry will start in San Jose on Saturday.,Jack Michaels,-155,1.5,0.846,3.27
2026-10-10,2026-10-10T23:11:44.720144+00:00,EDM,SJS,2026-10-10T20:00:00.000Z,SJS,home,Yaroslav Askarov,33018,Confirmed,2026-10-10T17:34:49.908Z,Askarov will start Saturday vs. the Oilers.,Curtis Pashelka,130,1.5,0.853,3.83
2026-10-10,2026-10-10T23:11:44.720144+00:00,MIN,FLA,2026-10-10T22:00:00.000Z,MIN,away,Jesper Wallstedt,31763,Confirmed,2026-10-10T21:31:52.122Z,Wallstedt will start in Florida on Saturday.,Michael Russo,114,1.5,0.929,1.97
2026-10-10,2026-10-10T23:11:44.720144+00:00,MIN,FLA,2026-10-10T22:00:00.000Z,FLA,home,Jacob Markstrom,594,Confirmed,2026-10-10T14:44:22.805Z,Markstrom will start Saturday vs. the Wild.,Jameson Olive,-135,1.5,0.912,1.58
2026-10-10,2026-10-10T23:11:44.720144+00:00,CBJ,STL,2026-10-10T23:00:00.000Z,CBJ,away,Jet Greaves,29751,Confirmed,2026-10-10T17:07:13.881Z,Greaves will start Saturday in St. Louis.,Mark Scheig,105,1.5,0.877,3.5
2026-10-10,2026-10-10T23:11:44.720144+00:00,CBJ,STL,2026-10-10T23:00:00.000Z,STL,home,Jordan Binnington,1984,Confirmed,2026-10-10T15:34:31.920Z,Binnington will start Saturday vs. the Blue Jackets.,Lou Korac,-125,1.5,0.833,6.0
2026-10-10,2026-10-10T23:11:44.720144+00:00,DET,MTL,2026-10-10T23:00:00.000Z,DET,away,Daniil Tarasov,28133,Confirmed,2026-10-08T16:27:30.707Z,Tarasov will start in Montreal on Saturday.,Michael Whitaker,180,1.5,0.889,2.31
2026-10-10,2026-10-10T23:11:44.720144+00:00,DET,MTL,2026-10-10T23:00:00.000Z,MTL,home,Jacob Fowler,38444,Confirmed,2026-10-10T15:15:01.781Z,Fowler will start Saturday vs. the Red Wings.,@CanadiensMTL,-218,1.5,0.0,0.0
2026-10-10,2026-10-10T23:11:44.720144+00:00,NSH,OTT,2026-10-10T23:00:00.000Z,NSH,away,Matthew Murray,27664,Confirmed,2026-10-10T22:36:16.814Z,Murray will start in Ottawa on Saturday.,Alex Daugherty,136,1.5,,
2026-10-10,2026-10-10T23:11:44.720144+00:00,NSH,OTT,2026-10-10T23:00:00.000Z,OTT,home,Linus Ullmark,2534,Confirmed,2026-10-10T22:38:10.567Z,Ullmark will start vs. Nashville on Saturday.,Julian McKenzie,-162,1.5,0.956,1.13
2026-10-10,2026-10-10T23:11:44.720144+00:00,TOR,COL,2026-10-10T23:00:00.000Z,TOR,away,Sergei Bobrovsky,1117,Confirmed,2026-10-10T22:41:16.839Z,Bobrovsky will start in Colorado on Saturday.,Mark Masters,170,1.5,0.906,2.95
2026-10-10,2026-10-10T23:11:44.720144+00:00,TOR,COL,2026-10-10T23:00:00.000Z,COL,home,Mackenzie Blackwood,3792,Confirmed,2026-10-10T20:45:51.871Z,Blackwood will start vs. Toronto on Saturday.,Mark Masters,-205,1.5,0.895,2.67
2026-10-10,2026-10-10T23:11:44.720144+00:00,DAL,PIT,2026-10-10T23:00:00.000Z,DAL,away,Jake Oettinger,2813,Confirmed,2026-10-10T16:02:24.023Z,Oettinger will start Saturday in Pittsburgh.,Mike Heika,-155,1.5,0.967,0.67
2026-10-10,2026-10-10T23:11:44.720144+00:00,DAL,PIT,2026-10-10T23:00:00.000Z,PIT,home,Arturs Silovs,31270,Confirmed,2026-10-10T21:11:57.050Z,Silovs will start vs. Dallas on Saturday.,Josh Getzoff,130,1.5,0.859,3.37
2026-10-10,2026-10-10T23:11:44.720144+00:00,CAR,CHI,2026-10-10T23:00:00.000Z,CAR,away,Brandon Bussi,30153,Confirmed,2026-10-10T22:32:57.137Z,Bussi will start in Chicago on Saturday.,Jack Bushman,-230,1.5,0.851,3.24
2026-10-10,2026-10-10T23:11:44.720144+00:00,CAR,CHI,2026-10-10T23:00:00.000Z,CHI,home,Spencer Knight,30475,Confirmed,2026-10-10T22:33:23.198Z,Knight will start vs. Carolina on Saturday.,Jack Bushman,190,1.5,0.891,3.35
2026-10-10,2026-10-10T23:11:44.720144+00:00,UTA,BUF,2026-10-10T23:00:00.000Z,UTA,away,Karel Vejmelka,26614,Confirmed,2026-10-10T22:30:48.083Z,Vejmelka will start in Buffalo on Saturday.,Heather Engel,-108,1.5,0.892,2.42
2026-10-10,2026-10-10T23:11:44.720144+00:00,UTA,BUF,2026-10-10T23:00:00.000Z,BUF,home,Colten Ellis,28686,Confirmed,2026-10-10T22:30:23.667Z,Ellis will start vs. Utah on Saturday.,Heather Engel,-112,1.5,0.9,1.85
2026-10-10,2026-10-10T23:11:44.720144+00:00,TBL,NYI,2026-10-10T23:30:00.000Z,TBL,away,Andrei Vasilevskiy,2413,Confirmed,2026-10-10T23:01:38.374Z,Vasilevskiy will start on Long Island on Saturday.,Gabby Shirley,-170,1.5,0.898,2.05
2026-10-10,2026-10-10T23:11:44.720144+00:00,TBL,NYI,2026-10-10T23:30:00.000Z,NYI,home,Ilya Sorokin,25264,Confirmed,2026-10-10T14:52:37.943Z,Sorokin will start Saturday vs. the Lightning.,Stefen Rosner,142,1.5,0.965,1.01
2026-10-10,2026-10-10T23:11:44.720144+00:00,ANA,CGY,2026-10-11T02:00:00.000Z,ANA,away,Ville Husso,3837,,,,,-125,1.5,1.0,0.0
2026-10-10,2026-10-10T23:11:44.720144+00:00,ANA,CGY,2026-10-11T02:00:00.000Z,CGY,home,Dustin Wolf,29507,Confirmed,2026-10-10T16:21:05.900Z,Wolf will start Saturday vs.the Ducks.,Pat Steinberg,105,1.5,0.797,6.0
2026-10-10,2026-10-10T23:11:44.720144+00:00,LAK,VGK,2026-10-11T02:00:00.000Z,LAK,away,Darcy Kuemper,1692,Likely,2026-10-10T19:47:49.612Z,Kuemper is expected to start in Vegas on Saturday.,LA Kings,136,1.5,0.825,5.08
2026-10-10,2026-10-10T23:11:44.720144+00:00,LAK,VGK,2026-10-11T02:00:00.000Z,VGK,home,Carter Hart,3874,,,,,-162,1.5,0.89,2.7
2026-10-10,2026-10-10T23:26:48.475014+00:00,PHI,BOS,2026-10-10T17:00:00.000Z,PHI,away,Dan Vladar,3831,Confirmed,2026-10-10T14:52:13.118Z,Vladar will start Saturday in Boston.,@NHLFlyers,114,1.5,0.857,5.06
2026-10-10,2026-10-10T23:26:48.475014+00:00,PHI,BOS,2026-10-10T17:00:00.000Z,BOS,home,Jeremy Swayman,28098,Confirmed,2026-10-10T15:59:03.303Z,Swayman will start Saturday vs. the Flyers.,Scott McLaughlin,-135,1.5,0.932,1.79
2026-10-10,2026-10-10T23:26:48.475014+00:00,VAN,NJD,2026-10-10T19:30:00.000Z,VAN,away,Leevi Merilainen,34600,Confirmed,2026-10-10T19:00:10.923Z,Merilainen will start in New Jersey on Saturday.,Mike Morreale,225,1.5,0.932,2.22
2026-10-10,2026-10-10T23:26:48.475014+00:00,VAN,NJD,2026-10-10T19:30:00.000Z,NJD,home,Jake Allen,1305,Confirmed,2026-10-10T17:33:01.008Z,Allen will start Saturday vs. the Canucks.,Kristy Flannery,-278,1.5,0.896,2.65
2026-10-10,2026-10-10T23:26:48.475014+00:00,EDM,SJS,2026-10-10T20:00:00.000Z,EDM,away,Tristan Jarry,2626,Confirmed,2026-10-05T18:02:53.213Z,Jarry will start in San Jose on Saturday.,Jack Michaels,-155,1.5,0.846,3.27
2026-10-10,2026-10-10T23:26:48.475014+00:00,EDM,SJS,2026-10-10T20:00:00.000Z,SJS,home,Yaroslav Askarov,33018,Confirmed,2026-10-10T17:34:49.908Z,Askarov will start Saturday vs. the Oilers.,Curtis Pashelka,130,1.5,0.853,3.83
2026-10-10,2026-10-10T23:26:48.475014+00:00,MIN,FLA,2026-10-10T22:00:00.000Z,MIN,away,Jesper Wallstedt,31763,Confirmed,2026-10-10T21:31:52.122Z,Wallstedt will start in Florida on Saturday.,Michael Russo,114,1.5,0.929,1.97
2026-10-10,2026-10-10T23:26:48.475014+00:00,MIN,FLA,2026-10-10T22:00:00.000Z,FLA,home,Jacob Markstrom,594,Confirmed,2026-10-10T14:44:22.805Z,Markstrom will start Saturday vs. the Wild.,Jameson Olive,-135,1.5,0.912,1.58
2026-10-10,2026-10-10T23:26:48.475014+00:00,CBJ,STL,2026-10-10T23:00:00.000Z,CBJ,away,Jet Greaves,29751,Confirmed,2026-10-10T17:07:13.881Z,Greaves will start Saturday in St. Louis.,Mark Scheig,105,1.5,0.877,3.5
2026-10-10,2026-10-10T23:26:48.475014+00:00,CBJ,STL,2026-10-10T23:00:00.000Z,STL,home,Jordan Binnington,1984,Confirmed,2026-10-10T15:34:31.920Z,Binnington will start Saturday vs. the Blue Jackets.,Lou Korac,-125,1.5,0.833,6.0
2026-10-10,2026-10-10T23:26:48.475014+00:00,DET,MTL,2026-10-10T23:00:00.000Z,DET,away,Daniil Tarasov,28133,Confirmed,2026-10-08T16:27:30.707Z,Tarasov will start in Montreal on Saturday.,Michael Whitaker,180,1.5,0.889,2.31
2026-10-10,2026-10-10T23:26:48.475014+00:00,DET,MTL,2026-10-10T23:00:00.000Z,MTL,home,Jacob Fowler,38444,Confirmed,2026-10-10T15:15:01.781Z,Fowler will start Saturday vs. the Red Wings.,@CanadiensMTL,-218,1.5,0.0,0.0
2026-10-10,2026-10-10T23:26:48.475014+00:00,NSH,OTT,2026-10-10T23:00:00.000Z,NSH,away,Matthew Murray,27664,Confirmed,2026-10-10T22:36:16.814Z,Murray will start in Ottawa on Saturday.,Alex Daugherty,136,1.5,,
2026-10-10,2026-10-10T23:26:48.475014+00:00,NSH,OTT,2026-10-10T23:00:00.000Z,OTT,home,Linus Ullmark,2534,Confirmed,2026-10-10T22:38:10.567Z,Ullmark will start vs. Nashville on Saturday.,Julian McKenzie,-162,1.5,0.956,1.13
2026-10-10,2026-10-10T23:26:48.475014+00:00,TOR,COL,2026-10-10T23:00:00.000Z,TOR,away,Sergei Bobrovsky,1117,Confirmed,2026-10-10T22:41:16.839Z,Bobrovsky will start in Colorado on Saturday.,Mark Masters,170,1.5,0.906,2.95
2026-10-10,2026-10-10T23:26:48.475014+00:00,TOR,COL,2026-10-10T23:00:00.000Z,COL,home,Mackenzie Blackwood,3792,Confirmed,2026-10-10T20:45:51.871Z,Blackwood will start vs. Toronto on Saturday.,Mark Masters,-205,1.5,0.895,2.67
2026-10-10,2026-10-10T23:26:48.475014+00:00,DAL,PIT,2026-10-10T23:00:00.000Z,DAL,away,Jake Oettinger,2813,Confirmed,2026-10-10T16:02:24.023Z,Oettinger will start Saturday in Pittsburgh.,Mike Heika,-155,1.5,0.967,0.67
2026-10-10,2026-10-10T23:26:48.475014+00:00,DAL,PIT,2026-10-10T23:00:00.000Z,PIT,home,Arturs Silovs,31270,Confirmed,2026-10-10T21:11:57.050Z,Silovs will start vs. Dallas on Saturday.,Josh Getzoff,130,1.5,0.859,3.37
2026-10-10,2026-10-10T23:26:48.475014+00:00,CAR,CHI,2026-10-10T23:00:00.000Z,CAR,away,Brandon Bussi,30153,Confirmed,2026-10-10T22:32:57.137Z,Bussi will start in Chicago on Saturday.,Jack Bushman,-230,1.5,0.851,3.24
2026-10-10,2026-10-10T23:26:48.475014+00:00,CAR,CHI,2026-10-10T23:00:00.000Z,CHI,home,Spencer Knight,30475,Confirmed,2026-10-10T22:33:23.198Z,Knight will start vs. Carolina on Saturday.,Jack Bushman,190,1.5,0.891,3.35
2026-10-10,2026-10-10T23:26:48.475014+00:00,UTA,BUF,2026-10-10T23:00:00.000Z,UTA,away,Karel Vejmelka,26614,Confirmed,2026-10-10T22:30:48.083Z,Vejmelka will start in Buffalo on Saturday.,Heather Engel,-108,1.5,0.892,2.42
2026-10-10,2026-10-10T23:26:48.475014+00:00,UTA,BUF,2026-10-10T23:00:00.000Z,BUF,home,Colten Ellis,28686,Confirmed,2026-10-10T22:30:23.667Z,Ellis will start vs. Utah on Saturday.,Heather Engel,-112,1.5,0.9,1.85
2026-10-10,2026-10-10T23:26:48.475014+00:00,TBL,NYI,2026-10-10T23:30:00.000Z,TBL,away,Andrei Vasilevskiy,2413,Confirmed,2026-10-10T23:01:38.374Z,Vasilevskiy will start on Long Island on Saturday.,Gabby Shirley,-170,1.5,0.898,2.05
2026-10-10,2026-10-10T23:26:48.475014+00:00,TBL,NYI,2026-10-10T23:30:00.000Z,NYI,home,Ilya Sorokin,25264,Confirmed,2026-10-10T14:52:37.943Z,Sorokin will start Saturday vs. the Lightning.,Stefen Rosner,142,1.5,0.965,1.01
2026-10-10,2026-10-10T23:26:48.475014+00:00,ANA,CGY,2026-10-11T02:00:00.000Z,ANA,away,Ville Husso,3837,,,,,-125,1.5,1.0,0.0
2026-10-10,2026-10-10T23:26:48.475014+00:00,ANA,CGY,2026-10-11T02:00:00.000Z,CGY,home,Dustin Wolf,29507,Confirmed,2026-10-10T16:21:05.900Z,Wolf will start Saturday vs.the Ducks.,Pat Steinberg,105,1.5,0.797,6.0
2026-10-10,2026-10-10T23:26:48.475014+00:00,LAK,VGK,2026-10-11T02:00:00.000Z,LAK,away,Darcy Kuemper,1692,Likely,2026-10-10T19:47:49.612Z,Kuemper is expected to start in Vegas on Saturday.,LA Kings,136,1.5,0.825,5.08
2026-10-10,2026-10-10T23:26:48.475014+00:00,LAK,VGK,2026-10-11T02:00:00.000Z,VGK,home,Carter Hart,3874,,,,,-162,1.5,0.89,2.7
2026-10-10,2026-10-10T23:41:51.299461+00:00,PHI,BOS,2026-10-10T17:00:00.000Z,PHI,away,Dan Vladar,3831,Confirmed,2026-10-10T14:52:13.118Z,Vladar will start Saturday in Boston.,@NHLFlyers,114,1.5,0.857,5.06
2026-10-10,2026-10-10T23:41:51.299461+00:00,PHI,BOS,2026-10-10T17:00:00.000Z,BOS,home,Jeremy Swayman,28098,Confirmed,2026-10-10T15:59:03.303Z,Swayman will start Saturday vs. the Flyers.,Scott McLaughlin,-135,1.5,0.932,1.79
2026-10-10,2026-10-10T23:41:51.299461+00:00,VAN,NJD,2026-10-10T19:30:00.000Z,VAN,away,Leevi Merilainen,34600,Confirmed,2026-10-10T19:00:10.923Z,Merilainen will start in New Jersey on Saturday.,Mike Morreale,225,1.5,0.932,2.22
2026-10-10,2026-10-10T23:41:51.299461+00:00,VAN,NJD,2026-10-10T19:30:00.000Z,NJD,home,Jake Allen,1305,Confirmed,2026-10-10T17:33:01.008Z,Allen will start Saturday vs. the Canucks.,Kristy Flannery,-278,1.5,0.896,2.65
2026-10-10,2026-10-10T23:41:51.299461+00:00,EDM,SJS,2026-10-10T20:00:00.000Z,EDM,away,Tristan Jarry,2626,Confirmed,2026-10-05T18:02:53.213Z,Jarry will start in San Jose on Saturday.,Jack Michaels,-155,1.5,0.846,3.27
2026-10-10,2026-10-10T23:41:51.299461+00:00,EDM,SJS,2026-10-10T20:00:00.000Z,SJS,home,Yaroslav Askarov,33018,Confirmed,2026-10-10T17:34:49.908Z,Askarov will start Saturday vs. the Oilers.,Curtis Pashelka,130,1.5,0.853,3.83
2026-10-10,2026-10-10T23:41:51.299461+00:00,MIN,FLA,2026-10-10T22:00:00.000Z,MIN,away,Jesper Wallstedt,31763,Confirmed,2026-10-10T21:31:52.122Z,Wallstedt will start in Florida on Saturday.,Michael Russo,114,1.5,0.929,1.97
2026-10-10,2026-10-10T23:41:51.299461+00:00,MIN,FLA,2026-10-10T22:00:00.000Z,FLA,home,Jacob Markstrom,594,Confirmed,2026-10-10T14:44:22.805Z,Markstrom will start Saturday vs. the Wild.,Jameson Olive,-135,1.5,0.912,1.58
2026-10-10,2026-10-10T23:41:51.299461+00:00,CBJ,STL,2026-10-10T23:00:00.000Z,CBJ,away,Jet Greaves,29751,Confirmed,2026-10-10T17:07:13.881Z,Greaves will start Saturday in St. Louis.,Mark Scheig,105,1.5,0.877,3.5
2026-10-10,2026-10-10T23:41:51.299461+00:00,CBJ,STL,2026-10-10T23:00:00.000Z,STL,home,Jordan Binnington,1984,Confirmed,2026-10-10T15:34:31.920Z,Binnington will start Saturday vs. the Blue Jackets.,Lou Korac,-125,1.5,0.833,6.0
2026-10-10,2026-10-10T23:41:51.299461+00:00,DET,MTL,2026-10-10T23:00:00.000Z,DET,away,Daniil Tarasov,28133,Confirmed,2026-10-08T16:27:30.707Z,Tarasov will start in Montreal on Saturday.,Michael Whitaker,180,1.5,0.889,2.31
2026-10-10,2026-10-10T23:41:51.299461+00:00,DET,MTL,2026-10-10T23:00:00.000Z,MTL,home,Jacob Fowler,38444,Confirmed,2026-10-10T15:15:01.781Z,Fowler will start Saturday vs. the Red Wings.,@CanadiensMTL,-218,1.5,0.0,0.0
2026-10-10,2026-10-10T23:41:51.299461+00:00,NSH,OTT,2026-10-10T23:00:00.000Z,NSH,away,Matthew Murray,27664,Confirmed,2026-10-10T22:36:16.814Z,Murray will start in Ottawa on Saturday.,Alex Daugherty,136,1.5,,
2026-10-10,2026-10-10T23:41:51.299461+00:00,NSH,OTT,2026-10-10T23:00:00.000Z,OTT,home,Linus Ullmark,2534,Confirmed,2026-10-10T22:38:10.567Z,Ullmark will start vs. Nashville on Saturday.,Julian McKenzie,-162,1.5,0.956,1.13
2026-10-10,2026-10-10T23:41:51.299461+00:00,TOR,COL,2026-10-10T23:00:00.000Z,TOR,away,Sergei Bobrovsky,1117,Confirmed,2026-10-10T22:41:16.839Z,Bobrovsky will start in Colorado on Saturday.,Mark Masters,170,1.5,0.906,2.95
2026-10-10,2026-10-10T23:41:51.299461+00:00,TOR,COL,2026-10-10T23:00:00.000Z,COL,home,Mackenzie Blackwood,3792,Confirmed,2026-10-10T20:45:51.871Z,Blackwood will start vs. Toronto on Saturday.,Mark Masters,-205,1.5,0.895,2.67
2026-10-10,2026-10-10T23:41:51.299461+00:00,DAL,PIT,2026-10-10T23:00:00.000Z,DAL,away,Jake Oettinger,2813,Confirmed,2026-10-10T16:02:24.023Z,Oettinger will start Saturday in Pittsburgh.,Mike Heika,-155,1.5,0.967,0.67
2026-10-10,2026-10-10T23:41:51.299461+00:00,DAL,PIT,2026-10-10T23:00:00.000Z,PIT,home,Arturs Silovs,31270,Confirmed,2026-10-10T21:11:57.050Z,Silovs will start vs. Dallas on Saturday.,Josh Getzoff,130,1.5,0.859,3.37
2026-10-10,2026-10-10T23:41:51.299461+00:00,CAR,CHI,2026-10-10T23:00:00.000Z,CAR,away,Brandon Bussi,30153,Confirmed,2026-10-10T22:32:57.137Z,Bussi will start in Chicago on Saturday.,Jack Bushman,-230,1.5,0.851,3.24
2026-10-10,2026-10-10T23:41:51.299461+00:00,CAR,CHI,2026-10-10T23:00:00.000Z,CHI,home,Spencer Knight,30475,Confirmed,2026-10-10T22:33:23.198Z,Knight will start vs. Carolina on Saturday.,Jack Bushman,190,1.5,0.891,3.35
2026-10-10,2026-10-10T23:41:51.299461+00:00,UTA,BUF,2026-10-10T23:00:00.000Z,UTA,away,Karel Vejmelka,26614,Confirmed,2026-10-10T22:30:48.083Z,Vejmelka will start in Buffalo on Saturday.,Heather Engel,-108,1.5,0.892,2.42
2026-10-10,2026-10-10T23:41:51.299461+00:00,UTA,BUF,2026-10-10T23:00:00.000Z,BUF,home,Colten Ellis,28686,Confirmed,2026-10-10T22:30:23.667Z,Ellis will start vs. Utah on Saturday.,Heather Engel,-112,1.5,0.9,1.85
2026-10-10,2026-10-10T23:41:51.299461+00:00,TBL,NYI,2026-10-10T23:30:00.000Z,TBL,away,Andrei Vasilevskiy,2413,Confirmed,2026-10-10T23:01:38.374Z,Vasilevskiy will start on Long Island on Saturday.,Gabby Shirley,-170,1.5,0.898,2.05
2026-10-10,2026-10-10T23:41:51.299461+00:00,TBL,NYI,2026-10-10T23:30:00.000Z,NYI,home,Ilya Sorokin,25264,Confirmed,2026-10-10T14:52:37.943Z,Sorokin will start Saturday vs. the Lightning.,Stefen Rosner,142,1.5,0.965,1.01
2026-10-10,2026-10-10T23:41:51.299461+00:00,ANA,CGY,2026-10-11T02:00:00.000Z,ANA,away,Ville Husso,3837,,,,,-125,1.5,1.0,0.0
2026-10-10,2026-10-10T23:41:51.299461+00:00,ANA,CGY,2026-10-11T02:00:00.000Z,CGY,home,Dustin Wolf,29507,Confirmed,2026-10-10T16:21:05.900Z,Wolf will start Saturday vs.the Ducks.,Pat Steinberg,105,1.5,0.797,6.0
2026-10-10,2026-10-10T23:41:51.299461+00:00,LAK,VGK,2026-10-11T02:00:00.000Z,LAK,away,Darcy Kuemper,1692,Likely,2026-10-10T19:47:49.612Z,Kuemper is expected to start in Vegas on Saturday.,LA Kings,136,1.5,0.825,5.08
2026-10-10,2026-10-10T23:41:51.299461+00:00,LAK,VGK,2026-10-11T02:00:00.000Z,VGK,home,Carter Hart,3874,,,,,-162,1.5,0.89,2.7
2026-10-10,2026-10-10T23:56:54.024625+00:00,PHI,BOS,2026-10-10T17:00:00.000Z,PHI,away,Dan Vladar,3831,Confirmed,2026-10-10T14:52:13.118Z,Vladar will start Saturday in Boston.,@NHLFlyers,114,1.5,0.857,5.06
2026-10-10,2026-10-10T23:56:54.024625+00:00,PHI,BOS,2026-10-10T17:00:00.000Z,BOS,home,Jeremy Swayman,28098,Confirmed,2026-10-10T15:59:03.303Z,Swayman will start Saturday vs. the Flyers.,Scott McLaughlin,-135,1.5,0.932,1.79
2026-10-10,2026-10-10T23:56:54.024625+00:00,VAN,NJD,2026-10-10T19:30:00.000Z,VAN,away,Leevi Merilainen,34600,Confirmed,2026-10-10T19:00:10.923Z,Merilainen will start in New Jersey on Saturday.,Mike Morreale,225,1.5,0.932,2.22
2026-10-10,2026-10-10T23:56:54.024625+00:00,VAN,NJD,2026-10-10T19:30:00.000Z,NJD,home,Jake Allen,1305,Confirmed,2026-10-10T17:33:01.008Z,Allen will start Saturday vs. the Canucks.,Kristy Flannery,-278,1.5,0.896,2.65
2026-10-10,2026-10-10T23:56:54.024625+00:00,EDM,SJS,2026-10-10T20:00:00.000Z,EDM,away,Tristan Jarry,2626,Confirmed,2026-10-05T18:02:53.213Z,Jarry will start in San Jose on Saturday.,Jack Michaels,-155,1.5,0.846,3.27
2026-10-10,2026-10-10T23:56:54.024625+00:00,EDM,SJS,2026-10-10T20:00:00.000Z,SJS,home,Yaroslav Askarov,33018,Confirmed,2026-10-10T17:34:49.908Z,Askarov will start Saturday vs. the Oilers.,Curtis Pashelka,130,1.5,0.853,3.83
2026-10-10,2026-10-10T23:56:54.024625+00:00,MIN,FLA,2026-10-10T22:00:00.000Z,MIN,away,Jesper Wallstedt,31763,Confirmed,2026-10-10T21:31:52.122Z,Wallstedt will start in Florida on Saturday.,Michael Russo,114,1.5,0.929,1.97
2026-10-10,2026-10-10T23:56:54.024625+00:00,MIN,FLA,2026-10-10T22:00:00.000Z,FLA,home,Jacob Markstrom,594,Confirmed,2026-10-10T14:44:22.805Z,Markstrom will start Saturday vs. the Wild.,Jameson Olive,-135,1.5,0.912,1.58
2026-10-10,2026-10-10T23:56:54.024625+00:00,CBJ,STL,2026-10-10T23:00:00.000Z,CBJ,away,Jet Greaves,29751,Confirmed,2026-10-10T17:07:13.881Z,Greaves will start Saturday in St. Louis.,Mark Scheig,105,1.5,0.877,3.5
2026-10-10,2026-10-10T23:56:54.024625+00:00,CBJ,STL,2026-10-10T23:00:00.000Z,STL,home,Jordan Binnington,1984,Confirmed,2026-10-10T15:34:31.920Z,Binnington will start Saturday vs. the Blue Jackets.,Lou Korac,-125,1.5,0.833,6.0
2026-10-10,2026-10-10T23:56:54.024625+00:00,DET,MTL,2026-10-10T23:00:00.000Z,DET,away,Daniil Tarasov,28133,Confirmed,2026-10-08T16:27:30.707Z,Tarasov will start in Montreal on Saturday.,Michael Whitaker,180,1.5,0.889,2.31
2026-10-10,2026-10-10T23:56:54.024625+00:00,DET,MTL,2026-10-10T23:00:00.000Z,MTL,home,Jacob Fowler,38444,Confirmed,2026-10-10T15:15:01.781Z,Fowler will start Saturday vs. the Red Wings.,@CanadiensMTL,-218,1.5,0.0,0.0
2026-10-10,2026-10-10T23:56:54.024625+00:00,NSH,OTT,2026-10-10T23:00:00.000Z,NSH,away,Matthew Murray,27664,Confirmed,2026-10-10T22:36:16.814Z,Murray will start in Ottawa on Saturday.,Alex Daugherty,136,1.5,,
2026-10-10,2026-10-10T23:56:54.024625+00:00,NSH,OTT,2026-10-10T23:00:00.000Z,OTT,home,Linus Ullmark,2534,Confirmed,2026-10-10T22:38:10.567Z,Ullmark will start vs. Nashville on Saturday.,Julian McKenzie,-162,1.5,0.956,1.13
2026-10-10,2026-10-10T23:56:54.024625+00:00,TOR,COL,2026-10-10T23:00:00.000Z,TOR,away,Sergei Bobrovsky,1117,Confirmed,2026-10-10T22:41:16.839Z,Bobrovsky will start in Colorado on Saturday.,Mark Masters,170,1.5,0.906,2.95
2026-10-10,2026-10-10T23:56:54.024625+00:00,TOR,COL,2026-10-10T23:00:00.000Z,COL,home,Mackenzie Blackwood,3792,Confirmed,2026-10-10T20:45:51.871Z,Blackwood will start vs. Toronto on Saturday.,Mark Masters,-205,1.5,0.895,2.67
2026-10-10,2026-10-10T23:56:54.024625+00:00,DAL,PIT,2026-10-10T23:00:00.000Z,DAL,away,Jake Oettinger,2813,Confirmed,2026-10-10T16:02:24.023Z,Oettinger will start Saturday in Pittsburgh.,Mike Heika,-155,1.5,0.967,0.67
2026-10-10,2026-10-10T23:56:54.024625+00:00,DAL,PIT,2026-10-10T23:00:00.000Z,PIT,home,Arturs Silovs,31270,Confirmed,2026-10-10T21:11:57.050Z,Silovs will start vs. Dallas on Saturday.,Josh Getzoff,130,1.5,0.859,3.37
2026-10-10,2026-10-10T23:56:54.024625+00:00,CAR,CHI,2026-10-10T23:00:00.000Z,CAR,away,Brandon Bussi,30153,Confirmed,2026-10-10T22:32:57.137Z,Bussi will start in Chicago on Saturday.,Jack Bushman,-230,1.5,0.851,3.24
2026-10-10,2026-10-10T23:56:54.024625+00:00,CAR,CHI,2026-10-10T23:00:00.000Z,CHI,home,Spencer Knight,30475,Confirmed,2026-10-10T22:33:23.198Z,Knight will start vs. Carolina on Saturday.,Jack Bushman,190,1.5,0.891,3.35
2026-10-10,2026-10-10T23:56:54.024625+00:00,UTA,BUF,2026-10-10T23:00:00.000Z,UTA,away,Karel Vejmelka,26614,Confirmed,2026-10-10T22:30:48.083Z,Vejmelka will start in Buffalo on Saturday.,Heather Engel,-108,1.5,0.892,2.42
2026-10-10,2026-10-10T23:56:54.024625+00:00,UTA,BUF,2026-10-10T23:00:00.000Z,BUF,home,Colten Ellis,28686,Confirmed,2026-10-10T22:30:23.667Z,Ellis will start vs. Utah on Saturday.,Heather Engel,-112,1.5,0.9,1.85
2026-10-10,2026-10-10T23:56:54.024625+00:00,TBL,NYI,2026-10-10T23:30:00.000Z,TBL,away,Andrei Vasilevskiy,2413,Confirmed,2026-10-10T23:01:38.374Z,Vasilevskiy will start on Long Island on Saturday.,Gabby Shirley,-170,1.5,0.898,2.05
2026-10-10,2026-10-10T23:56:54.024625+00:00,TBL,NYI,2026-10-10T23:30:00.000Z,NYI,home,Ilya Sorokin,25264,Confirmed,2026-10-10T14:52:37.943Z,Sorokin will start Saturday vs. the Lightning.,Stefen Rosner,142,1.5,0.965,1.01
2026-10-10,2026-10-10T23:56:54.024625+00:00,ANA,CGY,2026-10-11T02:00:00.000Z,ANA,away,Ville Husso,3837,,,,,-125,1.5,1.0,0.0
2026-10-10,2026-10-10T23:56:54.024625+00:00,ANA,CGY,2026-10-11T02:00:00.000Z,CGY,home,Dustin Wolf,29507,Confirmed,2026-10-10T16:21:05.900Z,Wolf will start Saturday vs.the Ducks.,Pat Steinberg,105,1.5,0.797,6.0
2026-10-10,2026-10-10T23:56:54.024625+00:00,LAK,VGK,2026-10-11T02:00:00.000Z,LAK,away,Darcy Kuemper,1692,Likely,2026-10-10T19:47:49.612Z,Kuemper is expected to start in Vegas on Saturday.,LA Kings,136,1.5,0.825,5.08
2026-10-10,2026-10-10T23:56:54.024625+00:00,LAK,VGK,2026-10-11T02:00:00.000Z,VGK,home,Carter Hart,3874,,,,,-162,1.5,0.89,2.7
2026-10-10,2026-10-11T00:11:56.861694+00:00,PHI,BOS,2026-10-10T17:00:00.000Z,PHI,away,Dan Vladar,3831,Confirmed,2026-10-10T14:52:13.118Z,Vladar will start Saturday in Boston.,@NHLFlyers,114,1.5,0.857,5.06
2026-10-10,2026-10-11T00:11:56.861694+00:00,PHI,BOS,2026-10-10T17:00:00.000Z,BOS,home,Jeremy Swayman,28098,Confirmed,2026-10-10T15:59:03.303Z,Swayman will start Saturday vs. the Flyers.,Scott McLaughlin,-135,1.5,0.932,1.79
2026-10-10,2026-10-11T00:11:56.861694+00:00,VAN,NJD,2026-10-10T19:30:00.000Z,VAN,away,Leevi Merilainen,34600,Confirmed,2026-10-10T19:00:10.923Z,Merilainen will start in New Jersey on Saturday.,Mike Morreale,225,1.5,0.932,2.22
2026-10-10,2026-10-11T00:11:56.861694+00:00,VAN,NJD,2026-10-10T19:30:00.000Z,NJD,home,Jake Allen,1305,Confirmed,2026-10-10T17:33:01.008Z,Allen will start Saturday vs. the Canucks.,Kristy Flannery,-278,1.5,0.896,2.65
2026-10-10,2026-10-11T00:11:56.861694+00:00,EDM,SJS,2026-10-10T20:00:00.000Z,EDM,away,Tristan Jarry,2626,Confirmed,2026-10-05T18:02:53.213Z,Jarry will start in San Jose on Saturday.,Jack Michaels,-155,1.5,0.846,3.27
2026-10-10,2026-10-11T00:11:56.861694+00:00,EDM,SJS,2026-10-10T20:00:00.000Z,SJS,home,Yaroslav Askarov,33018,Confirmed,2026-10-10T17:34:49.908Z,Askarov will start Saturday vs. the Oilers.,Curtis Pashelka,130,1.5,0.853,3.83
2026-10-10,2026-10-11T00:11:56.861694+00:00,MIN,FLA,2026-10-10T22:00:00.000Z,MIN,away,Jesper Wallstedt,31763,Confirmed,2026-10-10T21:31:52.122Z,Wallstedt will start in Florida on Saturday.,Michael Russo,114,1.5,0.929,1.97
2026-10-10,2026-10-11T00:11:56.861694+00:00,MIN,FLA,2026-10-10T22:00:00.000Z,FLA,home,Jacob Markstrom,594,Confirmed,2026-10-10T14:44:22.805Z,Markstrom will start Saturday vs. the Wild.,Jameson Olive,-135,1.5,0.912,1.58
2026-10-10,2026-10-11T00:11:56.861694+00:00,CBJ,STL,2026-10-10T23:00:00.000Z,CBJ,away,Jet Greaves,29751,Confirmed,2026-10-10T17:07:13.881Z,Greaves will start Saturday in St. Louis.,Mark Scheig,105,1.5,0.877,3.5
2026-10-10,2026-10-11T00:11:56.861694+00:00,CBJ,STL,2026-10-10T23:00:00.000Z,STL,home,Jordan Binnington,1984,Confirmed,2026-10-10T15:34:31.920Z,Binnington will start Saturday vs. the Blue Jackets.,Lou Korac,-125,1.5,0.833,6.0
2026-10-10,2026-10-11T00:11:56.861694+00:00,NSH,OTT,2026-10-10T23:00:00.000Z,NSH,away,Matthew Murray,27664,Confirmed,2026-10-10T22:36:16.814Z,Murray will start in Ottawa on Saturday.,Alex Daugherty,136,1.5,,
2026-10-10,2026-10-11T00:11:56.861694+00:00,NSH,OTT,2026-10-10T23:00:00.000Z,OTT,home,Linus Ullmark,2534,Confirmed,2026-10-10T22:38:10.567Z,Ullmark will start vs. Nashville on Saturday.,Julian McKenzie,-162,1.5,0.956,1.13
2026-10-10,2026-10-11T00:11:56.861694+00:00,UTA,BUF,2026-10-10T23:00:00.000Z,UTA,away,Karel Vejmelka,26614,Confirmed,2026-10-10T22:30:48.083Z,Vejmelka will start in Buffalo on Saturday.,Heather Engel,-108,1.5,0.892,2.42
2026-10-10,2026-10-11T00:11:56.861694+00:00,UTA,BUF,2026-10-10T23:00:00.000Z,BUF,home,Colten Ellis,28686,Confirmed,2026-10-10T22:30:23.667Z,Ellis will start vs. Utah on Saturday.,Heather Engel,-112,1.5,0.9,1.85
2026-10-10,2026-10-11T00:11:56.861694+00:00,DAL,PIT,2026-10-10T23:00:00.000Z,DAL,away,Jake Oettinger,2813,Confirmed,2026-10-10T16:02:24.023Z,Oettinger will start Saturday in Pittsburgh.,Mike Heika,-155,1.5,0.967,0.67
2026-10-10,2026-10-11T00:11:56.861694+00:00,DAL,PIT,2026-10-10T23:00:00.000Z,PIT,home,Arturs Silovs,31270,Confirmed,2026-10-10T21:11:57.050Z,Silovs will start vs. Dallas on Saturday.,Josh Getzoff,130,1.5,0.859,3.37
2026-10-10,2026-10-11T00:11:56.861694+00:00,TOR,COL,2026-10-10T23:00:00.000Z,TOR,away,Sergei Bobrovsky,1117,Confirmed,2026-10-10T22:41:16.839Z,Bobrovsky will start in Colorado on Saturday.,Mark Masters,170,1.5,0.906,2.95
2026-10-10,2026-10-11T00:11:56.861694+00:00,TOR,COL,2026-10-10T23:00:00.000Z,COL,home,Mackenzie Blackwood,3792,Confirmed,2026-10-10T20:45:51.871Z,Blackwood will start vs. Toronto on Saturday.,Mark Masters,-205,1.5,0.895,2.67
2026-10-10,2026-10-11T00:11:56.861694+00:00,CAR,CHI,2026-10-10T23:00:00.000Z,CAR,away,Brandon Bussi,30153,Confirmed,2026-10-10T22:32:57.137Z,Bussi will start in Chicago on Saturday.,Jack Bushman,-230,1.5,0.851,3.24
2026-10-10,2026-10-11T00:11:56.861694+00:00,CAR,CHI,2026-10-10T23:00:00.000Z,CHI,home,Spencer Knight,30475,Confirmed,2026-10-10T22:33:23.198Z,Knight will start vs. Carolina on Saturday.,Jack Bushman,190,1.5,0.891,3.35
2026-10-10,2026-10-11T00:11:56.861694+00:00,DET,MTL,2026-10-10T23:00:00.000Z,DET,away,Daniil Tarasov,28133,Confirmed,2026-10-08T16:27:30.707Z,Tarasov will start in Montreal on Saturday.,Michael Whitaker,180,1.5,0.889,2.31
2026-10-10,2026-10-11T00:11:56.861694+00:00,DET,MTL,2026-10-10T23:00:00.000Z,MTL,home,Jacob Fowler,38444,Confirmed,2026-10-10T15:15:01.781Z,Fowler will start Saturday vs. the Red Wings.,@CanadiensMTL,-218,1.5,0.0,0.0
2026-10-10,2026-10-11T00:11:56.861694+00:00,TBL,NYI,2026-10-10T23:30:00.000Z,TBL,away,Andrei Vasilevskiy,2413,Confirmed,2026-10-10T23:01:38.374Z,Vasilevskiy will start on Long Island on Saturday.,Gabby Shirley,-170,1.5,0.898,2.05
2026-10-10,2026-10-11T00:11:56.861694+00:00,TBL,NYI,2026-10-10T23:30:00.000Z,NYI,home,Ilya Sorokin,25264,Confirmed,2026-10-10T14:52:37.943Z,Sorokin will start Saturday vs. the Lightning.,Stefen Rosner,142,1.5,0.965,1.01
2026-10-10,2026-10-11T00:11:56.861694+00:00,ANA,CGY,2026-10-11T02:00:00.000Z,ANA,away,Ville Husso,3837,,,,,-122,1.5,1.0,0.0
2026-10-10,2026-10-11T00:11:56.861694+00:00,ANA,CGY,2026-10-11T02:00:00.000Z,CGY,home,Dustin Wolf,29507,Confirmed,2026-10-10T16:21:05.900Z,Wolf will start Saturday vs.the Ducks.,Pat Steinberg,102,1.5,0.797,6.0
2026-10-10,2026-10-11T00:11:56.861694+00:00,LAK,VGK,2026-10-11T02:00:00.000Z,LAK,away,Darcy Kuemper,1692,Likely,2026-10-10T19:47:49.612Z,Kuemper is expected to start in Vegas on Saturday.,LA Kings,142,1.5,0.825,5.08
2026-10-10,2026-10-11T00:11:56.861694+00:00,LAK,VGK,2026-10-11T02:00:00.000Z,VGK,home,Carter Hart,3874,,,,,-170,1.5,0.89,2.7
2026-10-10,2026-10-11T00:26:59.283370+00:00,PHI,BOS,2026-10-10T17:00:00.000Z,PHI,away,Dan Vladar,3831,Confirmed,2026-10-10T14:52:13.118Z,Vladar will start Saturday in Boston.,@NHLFlyers,114,1.5,0.857,5.06
2026-10-10,2026-10-11T00:26:59.283370+00:00,PHI,BOS,2026-10-10T17:00:00.000Z,BOS,home,Jeremy Swayman,28098,Confirmed,2026-10-10T15:59:03.303Z,Swayman will start Saturday vs. the Flyers.,Scott McLaughlin,-135,1.5,0.932,1.79
2026-10-10,2026-10-11T00:26:59.283370+00:00,VAN,NJD,2026-10-10T19:30:00.000Z,VAN,away,Leevi Merilainen,34600,Confirmed,2026-10-10T19:00:10.923Z,Merilainen will start in New Jersey on Saturday.,Mike Morreale,225,1.5,0.932,2.22
2026-10-10,2026-10-11T00:26:59.283370+00:00,VAN,NJD,2026-10-10T19:30:00.000Z,NJD,home,Jake Allen,1305,Confirmed,2026-10-10T17:33:01.008Z,Allen will start Saturday vs. the Canucks.,Kristy Flannery,-278,1.5,0.896,2.65
2026-10-10,2026-10-11T00:26:59.283370+00:00,EDM,SJS,2026-10-10T20:00:00.000Z,EDM,away,Tristan Jarry,2626,Confirmed,2026-10-05T18:02:53.213Z,Jarry will start in San Jose on Saturday.,Jack Michaels,-155,1.5,0.846,3.27
2026-10-10,2026-10-11T00:26:59.283370+00:00,EDM,SJS,2026-10-10T20:00:00.000Z,SJS,home,Yaroslav Askarov,33018,Confirmed,2026-10-10T17:34:49.908Z,Askarov will start Saturday vs. the Oilers.,Curtis Pashelka,130,1.5,0.853,3.83
2026-10-10,2026-10-11T00:26:59.283370+00:00,MIN,FLA,2026-10-10T22:00:00.000Z,MIN,away,Jesper Wallstedt,31763,Confirmed,2026-10-10T21:31:52.122Z,Wallstedt will start in Florida on Saturday.,Michael Russo,114,1.5,0.929,1.97
2026-10-10,2026-10-11T00:26:59.283370+00:00,MIN,FLA,2026-10-10T22:00:00.000Z,FLA,home,Jacob Markstrom,594,Confirmed,2026-10-10T14:44:22.805Z,Markstrom will start Saturday vs. the Wild.,Jameson Olive,-135,1.5,0.912,1.58
2026-10-10,2026-10-11T00:26:59.283370+00:00,UTA,BUF,2026-10-10T23:00:00.000Z,UTA,away,Karel Vejmelka,26614,Confirmed,2026-10-10T22:30:48.083Z,Vejmelka will start in Buffalo on Saturday.,Heather Engel,-108,1.5,0.892,2.42
2026-10-10,2026-10-11T00:26:59.283370+00:00,UTA,BUF,2026-10-10T23:00:00.000Z,BUF,home,Colten Ellis,28686,Confirmed,2026-10-10T22:30:23.667Z,Ellis will start vs. Utah on Saturday.,Heather Engel,-112,1.5,0.9,1.85
2026-10-10,2026-10-11T00:26:59.283370+00:00,DAL,PIT,2026-10-10T23:00:00.000Z,DAL,away,Jake Oettinger,2813,Confirmed,2026-10-10T16:02:24.023Z,Oettinger will start Saturday in Pittsburgh.,Mike Heika,-155,1.5,0.967,0.67
2026-10-10,2026-10-11T00:26:59.283370+00:00,DAL,PIT,2026-10-10T23:00:00.000Z,PIT,home,Arturs Silovs,31270,Confirmed,2026-10-10T21:11:57.050Z,Silovs will start vs. Dallas on Saturday.,Josh Getzoff,130,1.5,0.859,3.37
2026-10-10,2026-10-11T00:26:59.283370+00:00,CBJ,STL,2026-10-10T23:00:00.000Z,CBJ,away,Jet Greaves,29751,Confirmed,2026-10-10T17:07:13.881Z,Greaves will start Saturday in St. Louis.,Mark Scheig,105,1.5,0.877,3.5
2026-10-10,2026-10-11T00:26:59.283370+00:00,CBJ,STL,2026-10-10T23:00:00.000Z,STL,home,Jordan Binnington,1984,Confirmed,2026-10-10T15:34:31.920Z,Binnington will start Saturday vs. the Blue Jackets.,Lou Korac,-125,1.5,0.833,6.0
2026-10-10,2026-10-11T00:26:59.283370+00:00,NSH,OTT,2026-10-10T23:00:00.000Z,NSH,away,Matthew Murray,27664,Confirmed,2026-10-10T22:36:16.814Z,Murray will start in Ottawa on Saturday.,Alex Daugherty,136,1.5,,
2026-10-10,2026-10-11T00:26:59.283370+00:00,NSH,OTT,2026-10-10T23:00:00.000Z,OTT,home,Linus Ullmark,2534,Confirmed,2026-10-10T22:38:10.567Z,Ullmark will start vs. Nashville on Saturday.,Julian McKenzie,-162,1.5,0.956,1.13
2026-10-10,2026-10-11T00:26:59.283370+00:00,TOR,COL,2026-10-10T23:00:00.000Z,TOR,away,Sergei Bobrovsky,1117,Confirmed,2026-10-10T22:41:16.839Z,Bobrovsky will start in Colorado on Saturday.,Mark Masters,170,1.5,0.906,2.95
2026-10-10,2026-10-11T00:26:59.283370+00:00,TOR,COL,2026-10-10T23:00:00.000Z,COL,home,Mackenzie Blackwood,3792,Confirmed,2026-10-10T20:45:51.871Z,Blackwood will start vs. Toronto on Saturday.,Mark Masters,-205,1.5,0.895,2.67
2026-10-10,2026-10-11T00:26:59.283370+00:00,CAR,CHI,2026-10-10T23:00:00.000Z,CAR,away,Brandon Bussi,30153,Confirmed,2026-10-10T22:32:57.137Z,Bussi will start in Chicago on Saturday.,Jack Bushman,-230,1.5,0.851,3.24
2026-10-10,2026-10-11T00:26:59.283370+00:00,CAR,CHI,2026-10-10T23:00:00.000Z,CHI,home,Spencer Knight,30475,Confirmed,2026-10-10T22:33:23.198Z,Knight will start vs. Carolina on Saturday.,Jack Bushman,190,1.5,0.891,3.35
2026-10-10,2026-10-11T00:26:59.283370+00:00,DET,MTL,2026-10-10T23:00:00.000Z,DET,away,Daniil Tarasov,28133,Confirmed,2026-10-08T16:27:30.707Z,Tarasov will start in Montreal on Saturday.,Michael Whitaker,180,1.5,0.889,2.31
2026-10-10,2026-10-11T00:26:59.283370+00:00,DET,MTL,2026-10-10T23:00:00.000Z,MTL,home,Jacob Fowler,38444,Confirmed,2026-10-10T15:15:01.781Z,Fowler will start Saturday vs. the Red Wings.,@CanadiensMTL,-218,1.5,0.0,0.0
2026-10-10,2026-10-11T00:26:59.283370+00:00,TBL,NYI,2026-10-10T23:30:00.000Z,TBL,away,Andrei Vasilevskiy,2413,Confirmed,2026-10-10T23:01:38.374Z,Vasilevskiy will start on Long Island on Saturday.,Gabby Shirley,-170,1.5,0.898,2.05
2026-10-10,2026-10-11T00:26:59.283370+00:00,TBL,NYI,2026-10-10T23:30:00.000Z,NYI,home,Ilya Sorokin,25264,Confirmed,2026-10-10T14:52:37.943Z,Sorokin will start Saturday vs. the Lightning.,Stefen Rosner,142,1.5,0.965,1.01
2026-10-10,2026-10-11T00:26:59.283370+00:00,ANA,CGY,2026-10-11T02:00:00.000Z,ANA,away,Ville Husso,3837,,,,,-122,1.5,1.0,0.0
2026-10-10,2026-10-11T00:26:59.283370+00:00,ANA,CGY,2026-10-11T02:00:00.000Z,CGY,home,Dustin Wolf,29507,Confirmed,2026-10-10T16:21:05.900Z,Wolf will start Saturday vs.the Ducks.,Pat Steinberg,102,1.5,0.797,6.0
2026-10-10,2026-10-11T00:26:59.283370+00:00,LAK,VGK,2026-10-11T02:00:00.000Z,LAK,away,Darcy Kuemper,1692,Likely,2026-10-10T19:47:49.612Z,Kuemper is expected to start in Vegas on Saturday.,LA Kings,142,1.5,0.825,5.08
2026-10-10,2026-10-11T00:26:59.283370+00:00,LAK,VGK,2026-10-11T02:00:00.000Z,VGK,home,Carter Hart,3874,,,,,-170,1.5,0.89,2.7
2026-10-10,2026-10-11T00:42:01.915097+00:00,PHI,BOS,2026-10-10T17:00:00.000Z,PHI,away,Dan Vladar,3831,Confirmed,2026-10-10T14:52:13.118Z,Vladar will start Saturday in Boston.,@NHLFlyers,114,1.5,0.857,5.06
2026-10-10,2026-10-11T00:42:01.915097+00:00,PHI,BOS,2026-10-10T17:00:00.000Z,BOS,home,Jeremy Swayman,28098,Confirmed,2026-10-10T15:59:03.303Z,Swayman will start Saturday vs. the Flyers.,Scott McLaughlin,-135,1.5,0.932,1.79
2026-10-10,2026-10-11T00:42:01.915097+00:00,VAN,NJD,2026-10-10T19:30:00.000Z,VAN,away,Leevi Merilainen,34600,Confirmed,2026-10-10T19:00:10.923Z,Merilainen will start in New Jersey on Saturday.,Mike Morreale,225,1.5,0.932,2.22
2026-10-10,2026-10-11T00:42:01.915097+00:00,VAN,NJD,2026-10-10T19:30:00.000Z,NJD,home,Jake Allen,1305,Confirmed,2026-10-10T17:33:01.008Z,Allen will start Saturday vs. the Canucks.,Kristy Flannery,-278,1.5,0.896,2.65
2026-10-10,2026-10-11T00:42:01.915097+00:00,EDM,SJS,2026-10-10T20:00:00.000Z,EDM,away,Tristan Jarry,2626,Confirmed,2026-10-05T18:02:53.213Z,Jarry will start in San Jose on Saturday.,Jack Michaels,-155,1.5,0.837,3.44
2026-10-10,2026-10-11T00:42:01.915097+00:00,EDM,SJS,2026-10-10T20:00:00.000Z,SJS,home,Yaroslav Askarov,33018,Confirmed,2026-10-10T17:34:49.908Z,Askarov will start Saturday vs. the Oilers.,Curtis Pashelka,130,1.5,0.86,3.7
2026-10-10,2026-10-11T00:42:01.915097+00:00,MIN,FLA,2026-10-10T22:00:00.000Z,MIN,away,Jesper Wallstedt,31763,Confirmed,2026-10-10T21:31:52.122Z,Wallstedt will start in Florida on Saturday.,Michael Russo,114,1.5,0.929,1.88
2026-10-10,2026-10-11T00:42:01.915097+00:00,MIN,FLA,2026-10-10T22:00:00.000Z,FLA,home,Jacob Markstrom,594,Confirmed,2026-10-10T14:44:22.805Z,Markstrom will start Saturday vs. the Wild.,Jameson Olive,-135,1.5,0.908,1.8
2026-10-10,2026-10-11T00:42:01.915097+00:00,UTA,BUF,2026-10-10T23:00:00.000Z,UTA,away,Karel Vejmelka,26614,Confirmed,2026-10-10T22:30:48.083Z,Vejmelka will start in Buffalo on Saturday.,Heather Engel,-108,1.5,0.89,2.42
2026-10-10,2026-10-11T00:42:01.915097+00:00,UTA,BUF,2026-10-10T23:00:00.000Z,BUF,home,Colten Ellis,28686,Confirmed,2026-10-10T22:30:23.667Z,Ellis will start vs. Utah on Saturday.,Heather Engel,-112,1.5,0.912,2.0
2026-10-10,2026-10-11T00:42:01.915097+00:00,DAL,PIT,2026-10-10T23:00:00.000Z,DAL,away,Jake Oettinger,2813,Confirmed,2026-10-10T16:02:24.023Z,Oettinger will start Saturday in Pittsburgh.,Mike Heika,-155,1.5,0.97,0.6
2026-10-10,2026-10-11T00:42:01.915097+00:00,DAL,PIT,2026-10-10T23:00:00.000Z,PIT,home,Arturs Silovs,31270,Confirmed,2026-10-10T21:11:57.050Z,Silovs will start vs. Dallas on Saturday.,Josh Getzoff,130,1.5,0.868,3.0
2026-10-10,2026-10-11T00:42:01.915097+00:00,CBJ,STL,2026-10-10T23:00:00.000Z,CBJ,away,Jet Greaves,29751,Confirmed,2026-10-10T17:07:13.881Z,Greaves will start Saturday in St. Louis.,Mark Scheig,105,1.5,0.887,2.94
2026-10-10,2026-10-11T00:42:01.915097+00:00,CBJ,STL,2026-10-10T23:00:00.000Z,STL,home,Jordan Binnington,1984,Confirmed,2026-10-10T15:34:31.920Z,Binnington will start Saturday vs. the Blue Jackets.,Lou Korac,-125,1.5,0.826,5.78
2026-10-10,2026-10-11T00:42:01.915097+00:00,NSH,OTT,2026-10-10T23:00:00.000Z,NSH,away,Matthew Murray,27664,Confirmed,2026-10-10T22:36:16.814Z,Murray will start in Ottawa on Saturday.,Alex Daugherty,136,1.5,,
2026-10-10,2026-10-11T00:42:01.915097+00:00,NSH,OTT,2026-10-10T23:00:00.000Z,OTT,home,Linus Ullmark,2534,Confirmed,2026-10-10T22:38:10.567Z,Ullmark will start vs. Nashville on Saturday.,Julian McKenzie,-162,1.5,0.933,1.65
2026-10-10,2026-10-11T00:42:01.915097+00:00,TOR,COL,2026-10-10T23:00:00.000Z,TOR,away,Sergei Bobrovsky,1117,Confirmed,2026-10-10T22:41:16.839Z,Bobrovsky will start in Colorado on Saturday.,Mark Masters,170,1.5,0.897,3.25
2026-10-10,2026-10-11T00:42:01.915097+00:00,TOR,COL,2026-10-10T23:00:00.000Z,COL,home,Mackenzie Blackwood,3792,Confirmed,2026-10-10T20:45:51.871Z,Blackwood will start vs. Toronto on Saturday.,Mark Masters,-205,1.5,0.89,2.7
2026-10-10,2026-10-11T00:42:01.915097+00:00,CAR,CHI,2026-10-10T23:00:00.000Z,CAR,away,Brandon Bussi,30153,Confirmed,2026-10-10T22:32:57.137Z,Bussi will start in Chicago on Saturday.,Jack Bushman,-230,1.5,0.867,2.9
2026-10-10,2026-10-11T00:42:01.915097+00:00,CAR,CHI,2026-10-10T23:00:00.000Z,CHI,home,Spencer Knight,30475,Confirmed,2026-10-10T22:33:23.198Z,Knight will start vs. Carolina on Saturday.,Jack Bushman,190,1.5,0.894,3.58
2026-10-10,2026-10-11T00:42:01.915097+00:00,DET,MTL,2026-10-10T23:00:00.000Z,DET,away,Daniil Tarasov,28133,Confirmed,2026-10-08T16:27:30.707Z,Tarasov will start in Montreal on Saturday.,Michael Whitaker,180,1.5,0.944,1.3
2026-10-10,2026-10-11T00:42:01.915097+00:00,DET,MTL,2026-10-10T23:00:00.000Z,MTL,home,Jacob Fowler,38444,Confirmed,2026-10-10T15:15:01.781Z,Fowler will start Saturday vs. the Red Wings.,@CanadiensMTL,-218,1.5,0.0,0.0
2026-10-10,2026-10-11T00:42:01.915097+00:00,TBL,NYI,2026-10-10T23:30:00.000Z,TBL,away,Andrei Vasilevskiy,2413,Confirmed,2026-10-10T23:01:38.374Z,Vasilevskiy will start on Long Island on Saturday.,Gabby Shirley,-170,1.5,0.905,1.86
2026-10-10,2026-10-11T00:42:01.915097+00:00,TBL,NYI,2026-10-10T23:30:00.000Z,NYI,home,Ilya Sorokin,25264,Confirmed,2026-10-10T14:52:37.943Z,Sorokin will start Saturday vs. the Lightning.,Stefen Rosner,142,1.5,0.947,1.53
2026-10-10,2026-10-11T00:42:01.915097+00:00,ANA,CGY,2026-10-11T02:00:00.000Z,ANA,away,Ville Husso,3837,,,,,-122,1.5,1.0,0.0
2026-10-10,2026-10-11T00:42:01.915097+00:00,ANA,CGY,2026-10-11T02:00:00.000Z,CGY,home,Dustin Wolf,29507,Confirmed,2026-10-10T16:21:05.900Z,Wolf will start Saturday vs.the Ducks.,Pat Steinberg,102,1.5,0.797,6.0
2026-10-10,2026-10-11T00:42:01.915097+00:00,LAK,VGK,2026-10-11T02:00:00.000Z,LAK,away,Darcy Kuemper,1692,Likely,2026-10-10T19:47:49.612Z,Kuemper is expected to start in Vegas on Saturday.,LA Kings,142,1.5,0.825,5.08
2026-10-10,2026-10-11T00:42:01.915097+00:00,LAK,VGK,2026-10-11T02:00:00.000Z,VGK,home,Carter Hart,3874,,,,,-170,1.5,0.89,2.7
2026-10-10,2026-10-11T00:57:04.546610+00:00,PHI,BOS,2026-10-10T17:00:00.000Z,PHI,away,Dan Vladar,3831,Confirmed,2026-10-10T14:52:13.118Z,Vladar will start Saturday in Boston.,@NHLFlyers,114,1.5,0.857,5.06
2026-10-10,2026-10-11T00:57:04.546610+00:00,PHI,BOS,2026-10-10T17:00:00.000Z,BOS,home,Jeremy Swayman,28098,Confirmed,2026-10-10T15:59:03.303Z,Swayman will start Saturday vs. the Flyers.,Scott McLaughlin,-135,1.5,0.932,1.79
2026-10-10,2026-10-11T00:57:04.546610+00:00,VAN,NJD,2026-10-10T19:30:00.000Z,VAN,away,Leevi Merilainen,34600,Confirmed,2026-10-10T19:00:10.923Z,Merilainen will start in New Jersey on Saturday.,Mike Morreale,225,1.5,0.932,2.22
2026-10-10,2026-10-11T00:57:04.546610+00:00,VAN,NJD,2026-10-10T19:30:00.000Z,NJD,home,Jake Allen,1305,Confirmed,2026-10-10T17:33:01.008Z,Allen will start Saturday vs. the Canucks.,Kristy Flannery,-278,1.5,0.896,2.65
2026-10-10,2026-10-11T00:57:04.546610+00:00,EDM,SJS,2026-10-10T20:00:00.000Z,EDM,away,Tristan Jarry,2626,Confirmed,2026-10-05T18:02:53.213Z,Jarry will start in San Jose on Saturday.,Jack Michaels,-155,1.5,0.837,3.44
2026-10-10,2026-10-11T00:57:04.546610+00:00,EDM,SJS,2026-10-10T20:00:00.000Z,SJS,home,Yaroslav Askarov,33018,Confirmed,2026-10-10T17:34:49.908Z,Askarov will start Saturday vs. the Oilers.,Curtis Pashelka,130,1.5,0.86,3.7
2026-10-10,2026-10-11T00:57:04.546610+00:00,MIN,FLA,2026-10-10T22:00:00.000Z,MIN,away,Jesper Wallstedt,31763,Confirmed,2026-10-10T21:31:52.122Z,Wallstedt will start in Florida on Saturday.,Michael Russo,114,1.5,0.929,1.88
2026-10-10,2026-10-11T00:57:04.546610+00:00,MIN,FLA,2026-10-10T22:00:00.000Z,FLA,home,Jacob Markstrom,594,Confirmed,2026-10-10T14:44:22.805Z,Markstrom will start Saturday vs. the Wild.,Jameson Olive,-135,1.5,0.908,1.8
2026-10-10,2026-10-11T00:57:04.546610+00:00,UTA,BUF,2026-10-10T23:00:00.000Z,UTA,away,Karel Vejmelka,26614,Confirmed,2026-10-10T22:30:48.083Z,Vejmelka will start in Buffalo on Saturday.,Heather Engel,-108,1.5,0.89,2.42
2026-10-10,2026-10-11T00:57:04.546610+00:00,UTA,BUF,2026-10-10T23:00:00.000Z,BUF,home,Colten Ellis,28686,Confirmed,2026-10-10T22:30:23.667Z,Ellis will start vs. Utah on Saturday.,Heather Engel,-112,1.5,0.912,2.0
2026-10-10,2026-10-11T00:57:04.546610+00:00,DAL,PIT,2026-10-10T23:00:00.000Z,DAL,away,Jake Oettinger,2813,Confirmed,2026-10-10T16:02:24.023Z,Oettinger will start Saturday in Pittsburgh.,Mike Heika,-155,1.5,0.97,0.6
2026-10-10,2026-10-11T00:57:04.546610+00:00,DAL,PIT,2026-10-10T23:00:00.000Z,PIT,home,Arturs Silovs,31270,Confirmed,2026-10-10T21:11:57.050Z,Silovs will start vs. Dallas on Saturday.,Josh Getzoff,130,1.5,0.868,3.0
2026-10-10,2026-10-11T00:57:04.546610+00:00,CBJ,STL,2026-10-10T23:00:00.000Z,CBJ,away,Jet Greaves,29751,Confirmed,2026-10-10T17:07:13.881Z,Greaves will start Saturday in St. Louis.,Mark Scheig,105,1.5,0.887,2.94
2026-10-10,2026-10-11T00:57:04.546610+00:00,CBJ,STL,2026-10-10T23:00:00.000Z,STL,home,Jordan Binnington,1984,Confirmed,2026-10-10T15:34:31.920Z,Binnington will start Saturday vs. the Blue Jackets.,Lou Korac,-125,1.5,0.826,5.78
2026-10-10,2026-10-11T00:57:04.546610+00:00,NSH,OTT,2026-10-10T23:00:00.000Z,NSH,away,Matthew Murray,27664,Confirmed,2026-10-10T22:36:16.814Z,Murray will start in Ottawa on Saturday.,Alex Daugherty,136,1.5,,
2026-10-10,2026-10-11T00:57:04.546610+00:00,NSH,OTT,2026-10-10T23:00:00.000Z,OTT,home,Linus Ullmark,2534,Confirmed,2026-10-10T22:38:10.567Z,Ullmark will start vs. Nashville on Saturday.,Julian McKenzie,-162,1.5,0.933,1.65
2026-10-10,2026-10-11T00:57:04.546610+00:00,TOR,COL,2026-10-10T23:00:00.000Z,TOR,away,Sergei Bobrovsky,1117,Confirmed,2026-10-10T22:41:16.839Z,Bobrovsky will start in Colorado on Saturday.,Mark Masters,170,1.5,0.897,3.25
2026-10-10,2026-10-11T00:57:04.546610+00:00,TOR,COL,2026-10-10T23:00:00.000Z,COL,home,Mackenzie Blackwood,3792,Confirmed,2026-10-10T20:45:51.871Z,Blackwood will start vs. Toronto on Saturday.,Mark Masters,-205,1.5,0.89,2.7
2026-10-10,2026-10-11T00:57:04.546610+00:00,CAR,CHI,2026-10-10T23:00:00.000Z,CAR,away,Brandon Bussi,30153,Confirmed,2026-10-10T22:32:57.137Z,Bussi will start in Chicago on Saturday.,Jack Bushman,-230,1.5,0.867,2.9
2026-10-10,2026-10-11T00:57:04.546610+00:00,CAR,CHI,2026-10-10T23:00:00.000Z,CHI,home,Spencer Knight,30475,Confirmed,2026-10-10T22:33:23.198Z,Knight will start vs. Carolina on Saturday.,Jack Bushman,190,1.5,0.894,3.58
2026-10-10,2026-10-11T00:57:04.546610+00:00,DET,MTL,2026-10-10T23:00:00.000Z,DET,away,Daniil Tarasov,28133,Confirmed,2026-10-08T16:27:30.707Z,Tarasov will start in Montreal on Saturday.,Michael Whitaker,180,1.5,0.944,1.3
2026-10-10,2026-10-11T00:57:04.546610+00:00,DET,MTL,2026-10-10T23:00:00.000Z,MTL,home,Jacob Fowler,38444,Confirmed,2026-10-10T15:15:01.781Z,Fowler will start Saturday vs. the Red Wings.,@CanadiensMTL,-218,1.5,0.0,0.0
2026-10-10,2026-10-11T00:57:04.546610+00:00,TBL,NYI,2026-10-10T23:30:00.000Z,TBL,away,Andrei Vasilevskiy,2413,Confirmed,2026-10-10T23:01:38.374Z,Vasilevskiy will start on Long Island on Saturday.,Gabby Shirley,-170,1.5,0.905,1.86
2026-10-10,2026-10-11T00:57:04.546610+00:00,TBL,NYI,2026-10-10T23:30:00.000Z,NYI,home,Ilya Sorokin,25264,Confirmed,2026-10-10T14:52:37.943Z,Sorokin will start Saturday vs. the Lightning.,Stefen Rosner,142,1.5,0.947,1.53
2026-10-10,2026-10-11T00:57:04.546610+00:00,ANA,CGY,2026-10-11T02:00:00.000Z,ANA,away,Ville Husso,3837,,,,,-122,1.5,1.0,0.0
2026-10-10,2026-10-11T00:57:04.546610+00:00,ANA,CGY,2026-10-11T02:00:00.000Z,CGY,home,Dustin Wolf,29507,Confirmed,2026-10-10T16:21:05.900Z,Wolf will start Saturday vs.the Ducks.,Pat Steinberg,102,1.5,0.797,6.0
2026-10-10,2026-10-11T00:57:04.546610+00:00,LAK,VGK,2026-10-11T02:00:00.000Z,LAK,away,Darcy Kuemper,1692,Likely,2026-10-10T19:47:49.612Z,Kuemper is expected to start in Vegas on Saturday.,LA Kings,142,1.5,0.825,5.08
2026-10-10,2026-10-11T00:57:04.546610+00:00,LAK,VGK,2026-10-11T02:00:00.000Z,VGK,home,Carter Hart,3874,,,,,-170,1.5,0.89,2.7
