date,captured_utc,away,home,start_utc,team,side,goalie,dfo_id,status,news_utc,news,source,moneyline,spread,season_sv_pct,season_gaa
2026-10-03,2026-10-03T17:03:03.603685+00:00,SEA,EDM,2026-10-03T23:00:00.000Z,SEA,away,Joey Daccord,23589,,,,,170,1.5,0.96,1.0
2026-10-03,2026-10-03T17:03:03.603685+00:00,SEA,EDM,2026-10-03T23:00:00.000Z,EDM,home,Tristan Jarry,2626,,,,,-205,1.5,0.739,5.81
2026-10-03,2026-10-03T17:03:03.603685+00:00,CHI,BUF,2026-10-03T23:00:00.000Z,CHI,away,Spencer Knight,30475,Likely,2026-10-03T15:33:21.812Z,Knight is in the starter's crease at Saturday's morning skate.,Ben Pope,190,1.5,0.889,4.0
2026-10-03,2026-10-03T17:03:03.603685+00:00,CHI,BUF,2026-10-03T23:00:00.000Z,BUF,home,Ukko-Pekka Luukkonen,4783,Likely,2026-10-03T14:28:25.904Z,Luukkonen is in the starter's crease at Saturday's morning skate.,Bill Hoppe,-230,1.5,0.773,5.0
2026-10-03,2026-10-03T17:03:03.603685+00:00,UTA,CBJ,2026-10-03T23:00:00.000Z,UTA,away,Karel Vejmelka,26614,,,,,-112,1.5,1.0,0.0
2026-10-03,2026-10-03T17:03:03.603685+00:00,UTA,CBJ,2026-10-03T23:00:00.000Z,CBJ,home,Jet Greaves,29751,,,,,-108,1.5,0.885,3.0
2026-10-03,2026-10-03T17:03:03.603685+00:00,CAR,PHI,2026-10-03T23:00:00.000Z,CAR,away,Pyotr Kochetkov,30486,,,,,-130,1.5,0.0,0.0
2026-10-03,2026-10-03T17:03:03.603685+00:00,CAR,PHI,2026-10-03T23:00:00.000Z,PHI,home,Joseph Woll,27288,Confirmed,2026-10-03T15:29:35.710Z,Woll will start vs. Carolina on Saturday.,Jordan Hall,110,1.5,0.932,2.86
2026-10-03,2026-10-03T17:03:03.603685+00:00,OTT,TOR,2026-10-03T23:00:00.000Z,OTT,away,Linus Ullmark,2534,Likely,2026-10-03T16:03:02.845Z,Ullmark was the first goalie off the ice at Saturday's morning skate.,Julian McKenzie,105,1.5,0.0,0.0
2026-10-03,2026-10-03T17:03:03.603685+00:00,OTT,TOR,2026-10-03T23:00:00.000Z,TOR,home,Sergei Bobrovsky,1117,Likely,2026-10-03T14:29:50.603Z,Bobrovsky is expected to start vs. Ottawa on Saturday.,David Alter,-125,1.5,0.875,3.05
2026-10-03,2026-10-03T17:03:03.603685+00:00,MTL,PIT,2026-10-03T23:00:00.000Z,MTL,away,Jakub Dobes,31895,Confirmed,2026-10-03T16:01:10.562Z,Dobes will start in Pittsburgh on Saturday.,Montreal Canadiens,-130,1.5,0.929,2.0
2026-10-03,2026-10-03T17:03:03.603685+00:00,MTL,PIT,2026-10-03T23:00:00.000Z,PIT,home,Arturs Silovs,31270,Confirmed,2026-10-03T15:28:45.515Z,Silovs will start vs. Montreal on Saturday.,Michelle Crechiolo,110,1.5,1.0,0.0
2026-10-03,2026-10-03T17:03:03.603685+00:00,WSH,TBL,2026-10-03T23:00:00.000Z,WSH,away,Charlie Lindgren,2615,Confirmed,2026-10-01T16:08:52.463Z,Lindgren will start in Tampa Bay on Saturday.,Sammi Silber,130,1.5,0.0,0.0
2026-10-03,2026-10-03T17:03:03.603685+00:00,WSH,TBL,2026-10-03T23:00:00.000Z,TBL,home,Andrei Vasilevskiy,2413,Likely,2026-10-03T14:45:58.827Z,Vasilevskiy is expected to start vs. Washington on Saturday.,Benjamin Pierce,-155,1.5,0.833,4.29
2026-10-03,2026-10-03T17:03:03.603685+00:00,NJD,NYI,2026-10-03T23:30:00.000Z,NJD,away,Nico Daws,29186,Confirmed,2026-10-03T15:49:56.245Z,Daws will start vs. NYI on Saturday.,Amanda Stein,-130,1.5,0.0,0.0
2026-10-03,2026-10-03T17:03:03.603685+00:00,NJD,NYI,2026-10-03T23:30:00.000Z,NYI,home,Ilya Sorokin,25264,Confirmed,2026-10-02T16:23:49.412Z,Sorokin will start Saturday vs. the Devils.,Stefen Rosner,110,1.5,0.923,2.07
2026-10-03,2026-10-03T17:03:03.603685+00:00,BOS,MIN,2026-10-04T00:00:00.000Z,BOS,away,Michael DiPietro,4771,,,,,150,1.5,0.0,0.0
2026-10-03,2026-10-03T17:03:03.603685+00:00,BOS,MIN,2026-10-04T00:00:00.000Z,MIN,home,Jesper Wallstedt,31763,Confirmed,2026-10-03T15:59:48.217Z,Wallstedt will start vs. Boston on Saturday.,Joe O'Donnell,-180,1.5,0.95,1.0
2026-10-03,2026-10-03T17:03:03.603685+00:00,DAL,NSH,2026-10-04T00:00:00.000Z,DAL,away,Casey DeSmith,2572,,,,,-135,1.5,0.0,0.0
2026-10-03,2026-10-03T17:03:03.603685+00:00,DAL,NSH,2026-10-04T00:00:00.000Z,NSH,home,Juuse Saros,2557,Likely,2026-10-03T16:25:20.648Z,Saros is expected to start vs. Dallas on Saturday.,Nick Kieser,114,1.5,0.9,3.05
2026-10-03,2026-10-03T17:03:03.603685+00:00,STL,COL,2026-10-04T01:00:00.000Z,STL,away,Jordan Binnington,1984,Likely,2026-10-02T17:19:52.350Z,Binnington is expected to start Saturday in Colorado.,Lou Korac,240,1.5,0.0,0.0
2026-10-03,2026-10-03T17:03:03.603685+00:00,STL,COL,2026-10-04T01:00:00.000Z,COL,home,Mackenzie Blackwood,3792,Likely,2026-10-03T16:26:42.264Z,Blackwood is in the starter's crease at Saturday's morning skate.,Bailey Curtis,-298,1.5,0.871,4.0
2026-10-03,2026-10-03T17:03:03.603685+00:00,LAK,SJS,2026-10-04T02:00:00.000Z,LAK,away,Darcy Kuemper,1692,,,,,100,1.5,0.724,8.0
2026-10-03,2026-10-03T17:03:03.603685+00:00,LAK,SJS,2026-10-04T02:00:00.000Z,SJS,home,Yaroslav Askarov,33018,,,,,-120,1.5,0.885,2.81
2026-10-03,2026-10-03T17:03:03.603685+00:00,CGY,VAN,2026-10-04T02:00:00.000Z,CGY,away,Devin Cooley,32944,,,,,-110,1.5,0.0,0.0
2026-10-03,2026-10-03T17:03:03.603685+00:00,CGY,VAN,2026-10-04T02:00:00.000Z,VAN,home,Leevi Merilainen,34600,,,,,-110,1.5,0.0,0.0
2026-10-03,2026-10-03T21:24:23.532133+00:00,SEA,EDM,2026-10-03T23:00:00.000Z,SEA,away,Joey Daccord,23589,,,,,170,1.5,0.96,1.0
2026-10-03,2026-10-03T21:24:23.532133+00:00,SEA,EDM,2026-10-03T23:00:00.000Z,EDM,home,Tristan Jarry,2626,,,,,-205,1.5,0.739,5.81
2026-10-03,2026-10-03T21:24:23.532133+00:00,CHI,BUF,2026-10-03T23:00:00.000Z,CHI,away,Spencer Knight,30475,Confirmed,2026-10-03T19:12:42.155Z,Knight will start in Buffalo on Saturday.,Vinnie Parise,190,1.5,0.889,4.0
2026-10-03,2026-10-03T21:24:23.532133+00:00,CHI,BUF,2026-10-03T23:00:00.000Z,BUF,home,Ukko-Pekka Luukkonen,4783,Likely,2026-10-03T14:28:25.904Z,Luukkonen is in the starter's crease at Saturday's morning skate.,Bill Hoppe,-230,1.5,0.773,5.0
2026-10-03,2026-10-03T21:24:23.532133+00:00,UTA,CBJ,2026-10-03T23:00:00.000Z,UTA,away,Karel Vejmelka,26614,,,,,-112,1.5,1.0,0.0
2026-10-03,2026-10-03T21:24:23.532133+00:00,UTA,CBJ,2026-10-03T23:00:00.000Z,CBJ,home,Jet Greaves,29751,,,,,-108,1.5,0.885,3.0
2026-10-03,2026-10-03T21:24:23.532133+00:00,CAR,PHI,2026-10-03T23:00:00.000Z,CAR,away,Pyotr Kochetkov,30486,Confirmed,2026-10-03T20:57:25.497Z,Kochetkov will start in Philadelphia on Saturday.,Walt Ruff,-130,1.5,0.0,0.0
2026-10-03,2026-10-03T21:24:23.532133+00:00,CAR,PHI,2026-10-03T23:00:00.000Z,PHI,home,Joseph Woll,27288,Confirmed,2026-10-03T15:29:35.710Z,Woll will start vs. Carolina on Saturday.,Jordan Hall,110,1.5,0.932,2.86
2026-10-03,2026-10-03T21:24:23.532133+00:00,OTT,TOR,2026-10-03T23:00:00.000Z,OTT,away,Linus Ullmark,2534,Likely,2026-10-03T16:03:02.845Z,Ullmark was the first goalie off the ice at Saturday's morning skate.,Julian McKenzie,105,1.5,0.0,0.0
2026-10-03,2026-10-03T21:24:23.532133+00:00,OTT,TOR,2026-10-03T23:00:00.000Z,TOR,home,Sergei Bobrovsky,1117,Likely,2026-10-03T14:29:50.603Z,Bobrovsky is expected to start vs. Ottawa on Saturday.,David Alter,-125,1.5,0.875,3.05
2026-10-03,2026-10-03T21:24:23.532133+00:00,MTL,PIT,2026-10-03T23:00:00.000Z,MTL,away,Jakub Dobes,31895,Confirmed,2026-10-03T16:01:10.562Z,Dobes will start in Pittsburgh on Saturday.,Montreal Canadiens,-130,1.5,0.929,2.0
2026-10-03,2026-10-03T21:24:23.532133+00:00,MTL,PIT,2026-10-03T23:00:00.000Z,PIT,home,Arturs Silovs,31270,Confirmed,2026-10-03T15:28:45.515Z,Silovs will start vs. Montreal on Saturday.,Michelle Crechiolo,110,1.5,1.0,0.0
2026-10-03,2026-10-03T21:24:23.532133+00:00,WSH,TBL,2026-10-03T23:00:00.000Z,WSH,away,Charlie Lindgren,2615,Confirmed,2026-10-01T16:08:52.463Z,Lindgren will start in Tampa Bay on Saturday.,Sammi Silber,130,1.5,0.0,0.0
2026-10-03,2026-10-03T21:24:23.532133+00:00,WSH,TBL,2026-10-03T23:00:00.000Z,TBL,home,Andrei Vasilevskiy,2413,Likely,2026-10-03T14:45:58.827Z,Vasilevskiy is expected to start vs. Washington on Saturday.,Benjamin Pierce,-155,1.5,0.833,4.29
2026-10-03,2026-10-03T21:24:23.532133+00:00,NJD,NYI,2026-10-03T23:30:00.000Z,NJD,away,Nico Daws,29186,Confirmed,2026-10-03T15:49:56.245Z,Daws will start vs. NYI on Saturday.,Amanda Stein,-130,1.5,0.0,0.0
2026-10-03,2026-10-03T21:24:23.532133+00:00,NJD,NYI,2026-10-03T23:30:00.000Z,NYI,home,Ilya Sorokin,25264,Confirmed,2026-10-02T16:23:49.412Z,Sorokin will start Saturday vs. the Devils.,Stefen Rosner,110,1.5,0.923,2.07
2026-10-03,2026-10-03T21:24:23.532133+00:00,BOS,MIN,2026-10-04T00:00:00.000Z,BOS,away,Michael DiPietro,4771,,,,,150,1.5,0.0,0.0
2026-10-03,2026-10-03T21:24:23.532133+00:00,BOS,MIN,2026-10-04T00:00:00.000Z,MIN,home,Jesper Wallstedt,31763,Confirmed,2026-10-03T15:59:48.217Z,Wallstedt will start vs. Boston on Saturday.,Joe O'Donnell,-180,1.5,0.95,1.0
2026-10-03,2026-10-03T21:24:23.532133+00:00,DAL,NSH,2026-10-04T00:00:00.000Z,DAL,away,Casey DeSmith,2572,Confirmed,2026-10-03T17:59:09.661Z,DeSmith will start in Nashville on Saturday.,Mike Heika,-135,1.5,0.0,0.0
2026-10-03,2026-10-03T21:24:23.532133+00:00,DAL,NSH,2026-10-04T00:00:00.000Z,NSH,home,Juuse Saros,2557,Likely,2026-10-03T16:25:20.648Z,Saros is expected to start vs. Dallas on Saturday.,Nick Kieser,114,1.5,0.9,3.05
2026-10-03,2026-10-03T21:24:23.532133+00:00,STL,COL,2026-10-04T01:00:00.000Z,STL,away,Jordan Binnington,1984,Likely,2026-10-02T17:19:52.350Z,Binnington is expected to start Saturday in Colorado.,Lou Korac,240,1.5,0.0,0.0
2026-10-03,2026-10-03T21:24:23.532133+00:00,STL,COL,2026-10-04T01:00:00.000Z,COL,home,Mackenzie Blackwood,3792,Likely,2026-10-03T16:26:42.264Z,Blackwood is in the starter's crease at Saturday's morning skate.,Bailey Curtis,-298,1.5,0.871,4.0
2026-10-03,2026-10-03T21:24:23.532133+00:00,LAK,SJS,2026-10-04T02:00:00.000Z,LAK,away,Anton Forsberg,2394,Likely,2026-10-03T18:14:16.572Z,Forsberg is expected to start in San Jose on Saturday.,Zach Dooley,100,1.5,0.0,0.0
2026-10-03,2026-10-03T21:24:23.532133+00:00,LAK,SJS,2026-10-04T02:00:00.000Z,SJS,home,Yaroslav Askarov,33018,Confirmed,2026-10-03T18:11:47.175Z,Askarov will start vs. Los Angeles on Saturday.,Sheng Peng,-120,1.5,0.885,2.81
2026-10-03,2026-10-03T21:24:23.532133+00:00,CGY,VAN,2026-10-04T02:00:00.000Z,CGY,away,Devin Cooley,32944,Confirmed,2026-10-03T18:44:11.205Z,Cooley will start in Vancouver on Saturday.,Eric Francis,-110,1.5,0.0,0.0
2026-10-03,2026-10-03T21:24:23.532133+00:00,CGY,VAN,2026-10-04T02:00:00.000Z,VAN,home,Leevi Merilainen,34600,Likely,2026-10-03T17:24:35.230Z,Merilainen is expected to start vs. Calgary on Saturday.,Brendan Batchelor,-110,1.5,0.0,0.0
2026-10-03,2026-10-03T21:43:26.812763+00:00,SEA,EDM,2026-10-03T23:00:00.000Z,SEA,away,Joey Daccord,23589,,,,,170,1.5,0.96,1.0
2026-10-03,2026-10-03T21:43:26.812763+00:00,SEA,EDM,2026-10-03T23:00:00.000Z,EDM,home,Tristan Jarry,2626,,,,,-205,1.5,0.739,5.81
2026-10-03,2026-10-03T21:43:26.812763+00:00,CHI,BUF,2026-10-03T23:00:00.000Z,CHI,away,Spencer Knight,30475,Confirmed,2026-10-03T19:12:42.155Z,Knight will start in Buffalo on Saturday.,Vinnie Parise,190,1.5,0.889,4.0
2026-10-03,2026-10-03T21:43:26.812763+00:00,CHI,BUF,2026-10-03T23:00:00.000Z,BUF,home,Ukko-Pekka Luukkonen,4783,Likely,2026-10-03T14:28:25.904Z,Luukkonen is in the starter's crease at Saturday's morning skate.,Bill Hoppe,-230,1.5,0.773,5.0
2026-10-03,2026-10-03T21:43:26.812763+00:00,UTA,CBJ,2026-10-03T23:00:00.000Z,UTA,away,Karel Vejmelka,26614,,,,,-112,1.5,1.0,0.0
2026-10-03,2026-10-03T21:43:26.812763+00:00,UTA,CBJ,2026-10-03T23:00:00.000Z,CBJ,home,Jet Greaves,29751,,,,,-108,1.5,0.885,3.0
2026-10-03,2026-10-03T21:43:26.812763+00:00,CAR,PHI,2026-10-03T23:00:00.000Z,CAR,away,Pyotr Kochetkov,30486,Confirmed,2026-10-03T20:57:25.497Z,Kochetkov will start in Philadelphia on Saturday.,Walt Ruff,-130,1.5,0.0,0.0
2026-10-03,2026-10-03T21:43:26.812763+00:00,CAR,PHI,2026-10-03T23:00:00.000Z,PHI,home,Joseph Woll,27288,Confirmed,2026-10-03T15:29:35.710Z,Woll will start vs. Carolina on Saturday.,Jordan Hall,110,1.5,0.932,2.86
2026-10-03,2026-10-03T21:43:26.812763+00:00,OTT,TOR,2026-10-03T23:00:00.000Z,OTT,away,Linus Ullmark,2534,Likely,2026-10-03T16:03:02.845Z,Ullmark was the first goalie off the ice at Saturday's morning skate.,Julian McKenzie,105,1.5,0.0,0.0
2026-10-03,2026-10-03T21:43:26.812763+00:00,OTT,TOR,2026-10-03T23:00:00.000Z,TOR,home,Sergei Bobrovsky,1117,Likely,2026-10-03T14:29:50.603Z,Bobrovsky is expected to start vs. Ottawa on Saturday.,David Alter,-125,1.5,0.875,3.05
2026-10-03,2026-10-03T21:43:26.812763+00:00,MTL,PIT,2026-10-03T23:00:00.000Z,MTL,away,Jakub Dobes,31895,Confirmed,2026-10-03T16:01:10.562Z,Dobes will start in Pittsburgh on Saturday.,Montreal Canadiens,-130,1.5,0.929,2.0
2026-10-03,2026-10-03T21:43:26.812763+00:00,MTL,PIT,2026-10-03T23:00:00.000Z,PIT,home,Arturs Silovs,31270,Confirmed,2026-10-03T15:28:45.515Z,Silovs will start vs. Montreal on Saturday.,Michelle Crechiolo,110,1.5,1.0,0.0
2026-10-03,2026-10-03T21:43:26.812763+00:00,WSH,TBL,2026-10-03T23:00:00.000Z,WSH,away,Charlie Lindgren,2615,Confirmed,2026-10-01T16:08:52.463Z,Lindgren will start in Tampa Bay on Saturday.,Sammi Silber,130,1.5,0.0,0.0
2026-10-03,2026-10-03T21:43:26.812763+00:00,WSH,TBL,2026-10-03T23:00:00.000Z,TBL,home,Andrei Vasilevskiy,2413,Likely,2026-10-03T14:45:58.827Z,Vasilevskiy is expected to start vs. Washington on Saturday.,Benjamin Pierce,-155,1.5,0.833,4.29
2026-10-03,2026-10-03T21:43:26.812763+00:00,NJD,NYI,2026-10-03T23:30:00.000Z,NJD,away,Nico Daws,29186,Confirmed,2026-10-03T15:49:56.245Z,Daws will start vs. NYI on Saturday.,Amanda Stein,-130,1.5,0.0,0.0
2026-10-03,2026-10-03T21:43:26.812763+00:00,NJD,NYI,2026-10-03T23:30:00.000Z,NYI,home,Ilya Sorokin,25264,Confirmed,2026-10-02T16:23:49.412Z,Sorokin will start Saturday vs. the Devils.,Stefen Rosner,110,1.5,0.923,2.07
2026-10-03,2026-10-03T21:43:26.812763+00:00,BOS,MIN,2026-10-04T00:00:00.000Z,BOS,away,Michael DiPietro,4771,,,,,150,1.5,0.0,0.0
2026-10-03,2026-10-03T21:43:26.812763+00:00,BOS,MIN,2026-10-04T00:00:00.000Z,MIN,home,Jesper Wallstedt,31763,Confirmed,2026-10-03T15:59:48.217Z,Wallstedt will start vs. Boston on Saturday.,Joe O'Donnell,-180,1.5,0.95,1.0
2026-10-03,2026-10-03T21:43:26.812763+00:00,DAL,NSH,2026-10-04T00:00:00.000Z,DAL,away,Casey DeSmith,2572,Confirmed,2026-10-03T17:59:09.661Z,DeSmith will start in Nashville on Saturday.,Mike Heika,-135,1.5,0.0,0.0
2026-10-03,2026-10-03T21:43:26.812763+00:00,DAL,NSH,2026-10-04T00:00:00.000Z,NSH,home,Juuse Saros,2557,Likely,2026-10-03T16:25:20.648Z,Saros is expected to start vs. Dallas on Saturday.,Nick Kieser,114,1.5,0.9,3.05
2026-10-03,2026-10-03T21:43:26.812763+00:00,STL,COL,2026-10-04T01:00:00.000Z,STL,away,Jordan Binnington,1984,Likely,2026-10-02T17:19:52.350Z,Binnington is expected to start Saturday in Colorado.,Lou Korac,240,1.5,0.0,0.0
2026-10-03,2026-10-03T21:43:26.812763+00:00,STL,COL,2026-10-04T01:00:00.000Z,COL,home,Mackenzie Blackwood,3792,Likely,2026-10-03T16:26:42.264Z,Blackwood is in the starter's crease at Saturday's morning skate.,Bailey Curtis,-298,1.5,0.871,4.0
2026-10-03,2026-10-03T21:43:26.812763+00:00,LAK,SJS,2026-10-04T02:00:00.000Z,LAK,away,Anton Forsberg,2394,Likely,2026-10-03T18:14:16.572Z,Forsberg is expected to start in San Jose on Saturday.,Zach Dooley,100,1.5,0.0,0.0
2026-10-03,2026-10-03T21:43:26.812763+00:00,LAK,SJS,2026-10-04T02:00:00.000Z,SJS,home,Yaroslav Askarov,33018,Confirmed,2026-10-03T18:11:47.175Z,Askarov will start vs. Los Angeles on Saturday.,Sheng Peng,-120,1.5,0.885,2.81
2026-10-03,2026-10-03T21:43:26.812763+00:00,CGY,VAN,2026-10-04T02:00:00.000Z,CGY,away,Devin Cooley,32944,Confirmed,2026-10-03T18:44:11.205Z,Cooley will start in Vancouver on Saturday.,Eric Francis,-110,1.5,0.0,0.0
2026-10-03,2026-10-03T21:43:26.812763+00:00,CGY,VAN,2026-10-04T02:00:00.000Z,VAN,home,Leevi Merilainen,34600,Likely,2026-10-03T17:24:35.230Z,Merilainen is expected to start vs. Calgary on Saturday.,Brendan Batchelor,-110,1.5,0.0,0.0
2026-10-03,2026-10-03T22:09:34.275134+00:00,SEA,EDM,2026-10-03T23:00:00.000Z,SEA,away,Joey Daccord,23589,,,,,170,1.5,0.96,1.0
2026-10-03,2026-10-03T22:09:34.275134+00:00,SEA,EDM,2026-10-03T23:00:00.000Z,EDM,home,Tristan Jarry,2626,,,,,-205,1.5,0.739,5.81
2026-10-03,2026-10-03T22:09:34.275134+00:00,CHI,BUF,2026-10-03T23:00:00.000Z,CHI,away,Spencer Knight,30475,Confirmed,2026-10-03T19:12:42.155Z,Knight will start in Buffalo on Saturday.,Vinnie Parise,190,1.5,0.889,4.0
2026-10-03,2026-10-03T22:09:34.275134+00:00,CHI,BUF,2026-10-03T23:00:00.000Z,BUF,home,Ukko-Pekka Luukkonen,4783,Likely,2026-10-03T14:28:25.904Z,Luukkonen is in the starter's crease at Saturday's morning skate.,Bill Hoppe,-230,1.5,0.773,5.0
2026-10-03,2026-10-03T22:09:34.275134+00:00,UTA,CBJ,2026-10-03T23:00:00.000Z,UTA,away,Karel Vejmelka,26614,,,,,-112,1.5,1.0,0.0
2026-10-03,2026-10-03T22:09:34.275134+00:00,UTA,CBJ,2026-10-03T23:00:00.000Z,CBJ,home,Jet Greaves,29751,,,,,-108,1.5,0.885,3.0
2026-10-03,2026-10-03T22:09:34.275134+00:00,CAR,PHI,2026-10-03T23:00:00.000Z,CAR,away,Pyotr Kochetkov,30486,Confirmed,2026-10-03T20:57:25.497Z,Kochetkov will start in Philadelphia on Saturday.,Walt Ruff,-130,1.5,0.0,0.0
2026-10-03,2026-10-03T22:09:34.275134+00:00,CAR,PHI,2026-10-03T23:00:00.000Z,PHI,home,Joseph Woll,27288,Confirmed,2026-10-03T15:29:35.710Z,Woll will start vs. Carolina on Saturday.,Jordan Hall,110,1.5,0.932,2.86
2026-10-03,2026-10-03T22:09:34.275134+00:00,OTT,TOR,2026-10-03T23:00:00.000Z,OTT,away,Linus Ullmark,2534,Likely,2026-10-03T16:03:02.845Z,Ullmark was the first goalie off the ice at Saturday's morning skate.,Julian McKenzie,105,1.5,0.0,0.0
2026-10-03,2026-10-03T22:09:34.275134+00:00,OTT,TOR,2026-10-03T23:00:00.000Z,TOR,home,Sergei Bobrovsky,1117,Likely,2026-10-03T14:29:50.603Z,Bobrovsky is expected to start vs. Ottawa on Saturday.,David Alter,-125,1.5,0.875,3.05
2026-10-03,2026-10-03T22:09:34.275134+00:00,MTL,PIT,2026-10-03T23:00:00.000Z,MTL,away,Jakub Dobes,31895,Confirmed,2026-10-03T16:01:10.562Z,Dobes will start in Pittsburgh on Saturday.,Montreal Canadiens,-130,1.5,0.929,2.0
2026-10-03,2026-10-03T22:09:34.275134+00:00,MTL,PIT,2026-10-03T23:00:00.000Z,PIT,home,Arturs Silovs,31270,Confirmed,2026-10-03T15:28:45.515Z,Silovs will start vs. Montreal on Saturday.,Michelle Crechiolo,110,1.5,1.0,0.0
2026-10-03,2026-10-03T22:09:34.275134+00:00,WSH,TBL,2026-10-03T23:00:00.000Z,WSH,away,Charlie Lindgren,2615,Confirmed,2026-10-01T16:08:52.463Z,Lindgren will start in Tampa Bay on Saturday.,Sammi Silber,130,1.5,0.0,0.0
2026-10-03,2026-10-03T22:09:34.275134+00:00,WSH,TBL,2026-10-03T23:00:00.000Z,TBL,home,Andrei Vasilevskiy,2413,Likely,2026-10-03T14:45:58.827Z,Vasilevskiy is expected to start vs. Washington on Saturday.,Benjamin Pierce,-155,1.5,0.833,4.29
2026-10-03,2026-10-03T22:09:34.275134+00:00,NJD,NYI,2026-10-03T23:30:00.000Z,NJD,away,Nico Daws,29186,Confirmed,2026-10-03T15:49:56.245Z,Daws will start vs. NYI on Saturday.,Amanda Stein,-130,1.5,0.0,0.0
2026-10-03,2026-10-03T22:09:34.275134+00:00,NJD,NYI,2026-10-03T23:30:00.000Z,NYI,home,Ilya Sorokin,25264,Confirmed,2026-10-02T16:23:49.412Z,Sorokin will start Saturday vs. the Devils.,Stefen Rosner,110,1.5,0.923,2.07
2026-10-03,2026-10-03T22:09:34.275134+00:00,BOS,MIN,2026-10-04T00:00:00.000Z,BOS,away,Michael DiPietro,4771,,,,,150,1.5,0.0,0.0
2026-10-03,2026-10-03T22:09:34.275134+00:00,BOS,MIN,2026-10-04T00:00:00.000Z,MIN,home,Jesper Wallstedt,31763,Confirmed,2026-10-03T15:59:48.217Z,Wallstedt will start vs. Boston on Saturday.,Joe O'Donnell,-180,1.5,0.95,1.0
2026-10-03,2026-10-03T22:09:34.275134+00:00,DAL,NSH,2026-10-04T00:00:00.000Z,DAL,away,Casey DeSmith,2572,Confirmed,2026-10-03T17:59:09.661Z,DeSmith will start in Nashville on Saturday.,Mike Heika,-135,1.5,0.0,0.0
2026-10-03,2026-10-03T22:09:34.275134+00:00,DAL,NSH,2026-10-04T00:00:00.000Z,NSH,home,Juuse Saros,2557,Likely,2026-10-03T16:25:20.648Z,Saros is expected to start vs. Dallas on Saturday.,Nick Kieser,114,1.5,0.9,3.05
2026-10-03,2026-10-03T22:09:34.275134+00:00,STL,COL,2026-10-04T01:00:00.000Z,STL,away,Jordan Binnington,1984,Likely,2026-10-02T17:19:52.350Z,Binnington is expected to start Saturday in Colorado.,Lou Korac,240,1.5,0.0,0.0
2026-10-03,2026-10-03T22:09:34.275134+00:00,STL,COL,2026-10-04T01:00:00.000Z,COL,home,Mackenzie Blackwood,3792,Likely,2026-10-03T16:26:42.264Z,Blackwood is in the starter's crease at Saturday's morning skate.,Bailey Curtis,-298,1.5,0.871,4.0
2026-10-03,2026-10-03T22:09:34.275134+00:00,LAK,SJS,2026-10-04T02:00:00.000Z,LAK,away,Anton Forsberg,2394,Likely,2026-10-03T18:14:16.572Z,Forsberg is expected to start in San Jose on Saturday.,Zach Dooley,100,1.5,0.0,0.0
2026-10-03,2026-10-03T22:09:34.275134+00:00,LAK,SJS,2026-10-04T02:00:00.000Z,SJS,home,Yaroslav Askarov,33018,Confirmed,2026-10-03T18:11:47.175Z,Askarov will start vs. Los Angeles on Saturday.,Sheng Peng,-120,1.5,0.885,2.81
2026-10-03,2026-10-03T22:09:34.275134+00:00,CGY,VAN,2026-10-04T02:00:00.000Z,CGY,away,Devin Cooley,32944,Confirmed,2026-10-03T18:44:11.205Z,Cooley will start in Vancouver on Saturday.,Eric Francis,-110,1.5,0.0,0.0
2026-10-03,2026-10-03T22:09:34.275134+00:00,CGY,VAN,2026-10-04T02:00:00.000Z,VAN,home,Leevi Merilainen,34600,Likely,2026-10-03T17:24:35.230Z,Merilainen is expected to start vs. Calgary on Saturday.,Brendan Batchelor,-110,1.5,0.0,0.0
2026-10-03,2026-10-03T22:46:12.439328+00:00,SEA,EDM,2026-10-03T23:00:00.000Z,SEA,away,Philipp Grubauer,2065,Confirmed,2026-10-03T22:38:53.198Z,Grubauer will start in Edmonton on Saturday.,Sound of Hockey,170,1.5,0.0,0.0
2026-10-03,2026-10-03T22:46:12.439328+00:00,SEA,EDM,2026-10-03T23:00:00.000Z,EDM,home,Devon Levi,33010,Confirmed,2026-10-03T22:38:17.723Z,Levi will start vs. Seattle on Saturday.,Bob Stauffer,-205,1.5,0.682,7.0
2026-10-03,2026-10-03T22:46:12.439328+00:00,CHI,BUF,2026-10-03T23:00:00.000Z,CHI,away,Spencer Knight,30475,Confirmed,2026-10-03T19:12:42.155Z,Knight will start in Buffalo on Saturday.,Vinnie Parise,190,1.5,0.889,4.0
2026-10-03,2026-10-03T22:46:12.439328+00:00,CHI,BUF,2026-10-03T23:00:00.000Z,BUF,home,Ukko-Pekka Luukkonen,4783,Confirmed,2026-10-03T22:30:29.769Z,Luukkonen will start vs. Chicago on Saturday.,Matthew Fairburn,-230,1.5,0.773,5.0
2026-10-03,2026-10-03T22:46:12.439328+00:00,UTA,CBJ,2026-10-03T23:00:00.000Z,UTA,away,Sebastian Cossa,34654,Confirmed,2026-10-03T22:31:30.550Z,Cossa will start in Columbus on Saturday.,Catherine Bogart,-112,1.5,0.0,0.0
2026-10-03,2026-10-03T22:46:12.439328+00:00,UTA,CBJ,2026-10-03T23:00:00.000Z,CBJ,home,Jet Greaves,29751,,,,,-108,1.5,0.885,3.0
2026-10-03,2026-10-03T22:46:12.439328+00:00,CAR,PHI,2026-10-03T23:00:00.000Z,CAR,away,Pyotr Kochetkov,30486,Confirmed,2026-10-03T20:57:25.497Z,Kochetkov will start in Philadelphia on Saturday.,Walt Ruff,-130,1.5,0.0,0.0
2026-10-03,2026-10-03T22:46:12.439328+00:00,CAR,PHI,2026-10-03T23:00:00.000Z,PHI,home,Joseph Woll,27288,Confirmed,2026-10-03T15:29:35.710Z,Woll will start vs. Carolina on Saturday.,Jordan Hall,110,1.5,0.932,2.86
2026-10-03,2026-10-03T22:46:12.439328+00:00,OTT,TOR,2026-10-03T23:00:00.000Z,OTT,away,Linus Ullmark,2534,Likely,2026-10-03T16:03:02.845Z,Ullmark was the first goalie off the ice at Saturday's morning skate.,Julian McKenzie,105,1.5,0.0,0.0
2026-10-03,2026-10-03T22:46:12.439328+00:00,OTT,TOR,2026-10-03T23:00:00.000Z,TOR,home,Sergei Bobrovsky,1117,Likely,2026-10-03T14:29:50.603Z,Bobrovsky is expected to start vs. Ottawa on Saturday.,David Alter,-125,1.5,0.875,3.05
2026-10-03,2026-10-03T22:46:12.439328+00:00,MTL,PIT,2026-10-03T23:00:00.000Z,MTL,away,Jakub Dobes,31895,Confirmed,2026-10-03T16:01:10.562Z,Dobes will start in Pittsburgh on Saturday.,Montreal Canadiens,-130,1.5,0.929,2.0
2026-10-03,2026-10-03T22:46:12.439328+00:00,MTL,PIT,2026-10-03T23:00:00.000Z,PIT,home,Arturs Silovs,31270,Confirmed,2026-10-03T15:28:45.515Z,Silovs will start vs. Montreal on Saturday.,Michelle Crechiolo,110,1.5,1.0,0.0
2026-10-03,2026-10-03T22:46:12.439328+00:00,WSH,TBL,2026-10-03T23:00:00.000Z,WSH,away,Charlie Lindgren,2615,Confirmed,2026-10-01T16:08:52.463Z,Lindgren will start in Tampa Bay on Saturday.,Sammi Silber,130,1.5,0.0,0.0
2026-10-03,2026-10-03T22:46:12.439328+00:00,WSH,TBL,2026-10-03T23:00:00.000Z,TBL,home,Andrei Vasilevskiy,2413,Confirmed,2026-10-03T22:29:53.078Z,Vasilevskiy will start vs. Washington on Saturday.,Benjamin Pierce,-155,1.5,0.833,4.29
2026-10-03,2026-10-03T22:46:12.439328+00:00,NJD,NYI,2026-10-03T23:30:00.000Z,NJD,away,Nico Daws,29186,Confirmed,2026-10-03T15:49:56.245Z,Daws will start vs. NYI on Saturday.,Amanda Stein,-130,1.5,0.0,0.0
2026-10-03,2026-10-03T22:46:12.439328+00:00,NJD,NYI,2026-10-03T23:30:00.000Z,NYI,home,Ilya Sorokin,25264,Confirmed,2026-10-02T16:23:49.412Z,Sorokin will start Saturday vs. the Devils.,Stefen Rosner,110,1.5,0.923,2.07
2026-10-03,2026-10-03T22:46:12.439328+00:00,BOS,MIN,2026-10-04T00:00:00.000Z,BOS,away,Michael DiPietro,4771,,,,,150,1.5,0.0,0.0
2026-10-03,2026-10-03T22:46:12.439328+00:00,BOS,MIN,2026-10-04T00:00:00.000Z,MIN,home,Jesper Wallstedt,31763,Confirmed,2026-10-03T15:59:48.217Z,Wallstedt will start vs. Boston on Saturday.,Joe O'Donnell,-180,1.5,0.95,1.0
2026-10-03,2026-10-03T22:46:12.439328+00:00,DAL,NSH,2026-10-04T00:00:00.000Z,DAL,away,Casey DeSmith,2572,Confirmed,2026-10-03T17:59:09.661Z,DeSmith will start in Nashville on Saturday.,Mike Heika,-135,1.5,0.0,0.0
2026-10-03,2026-10-03T22:46:12.439328+00:00,DAL,NSH,2026-10-04T00:00:00.000Z,NSH,home,Juuse Saros,2557,Likely,2026-10-03T16:25:20.648Z,Saros is expected to start vs. Dallas on Saturday.,Nick Kieser,114,1.5,0.9,3.05
2026-10-03,2026-10-03T22:46:12.439328+00:00,STL,COL,2026-10-04T01:00:00.000Z,STL,away,Jordan Binnington,1984,Likely,2026-10-02T17:19:52.350Z,Binnington is expected to start Saturday in Colorado.,Lou Korac,240,1.5,0.0,0.0
2026-10-03,2026-10-03T22:46:12.439328+00:00,STL,COL,2026-10-04T01:00:00.000Z,COL,home,Mackenzie Blackwood,3792,Likely,2026-10-03T16:26:42.264Z,Blackwood is in the starter's crease at Saturday's morning skate.,Bailey Curtis,-298,1.5,0.871,4.0
2026-10-03,2026-10-03T22:46:12.439328+00:00,LAK,SJS,2026-10-04T02:00:00.000Z,LAK,away,Anton Forsberg,2394,Likely,2026-10-03T18:14:16.572Z,Forsberg is expected to start in San Jose on Saturday.,Zach Dooley,100,1.5,0.0,0.0
2026-10-03,2026-10-03T22:46:12.439328+00:00,LAK,SJS,2026-10-04T02:00:00.000Z,SJS,home,Yaroslav Askarov,33018,Confirmed,2026-10-03T18:11:47.175Z,Askarov will start vs. Los Angeles on Saturday.,Sheng Peng,-120,1.5,0.885,2.81
2026-10-03,2026-10-03T22:46:12.439328+00:00,CGY,VAN,2026-10-04T02:00:00.000Z,CGY,away,Devin Cooley,32944,Confirmed,2026-10-03T18:44:11.205Z,Cooley will start in Vancouver on Saturday.,Eric Francis,-110,1.5,0.0,0.0
2026-10-03,2026-10-03T22:46:12.439328+00:00,CGY,VAN,2026-10-04T02:00:00.000Z,VAN,home,Leevi Merilainen,34600,Likely,2026-10-03T17:24:35.230Z,Merilainen is expected to start vs. Calgary on Saturday.,Brendan Batchelor,-110,1.5,0.0,0.0
2026-10-03,2026-10-03T23:01:16.158670+00:00,SEA,EDM,2026-10-03T23:00:00.000Z,SEA,away,Philipp Grubauer,2065,Confirmed,2026-10-03T22:38:53.198Z,Grubauer will start in Edmonton on Saturday.,Sound of Hockey,170,1.5,0.0,0.0
2026-10-03,2026-10-03T23:01:16.158670+00:00,SEA,EDM,2026-10-03T23:00:00.000Z,EDM,home,Devon Levi,33010,Confirmed,2026-10-03T22:38:17.723Z,Levi will start vs. Seattle on Saturday.,Bob Stauffer,-205,1.5,0.682,7.0
2026-10-03,2026-10-03T23:01:16.158670+00:00,CHI,BUF,2026-10-03T23:00:00.000Z,CHI,away,Spencer Knight,30475,Confirmed,2026-10-03T19:12:42.155Z,Knight will start in Buffalo on Saturday.,Vinnie Parise,190,1.5,0.889,4.0
2026-10-03,2026-10-03T23:01:16.158670+00:00,CHI,BUF,2026-10-03T23:00:00.000Z,BUF,home,Ukko-Pekka Luukkonen,4783,Confirmed,2026-10-03T22:30:29.769Z,Luukkonen will start vs. Chicago on Saturday.,Matthew Fairburn,-230,1.5,0.773,5.0
2026-10-03,2026-10-03T23:01:16.158670+00:00,UTA,CBJ,2026-10-03T23:00:00.000Z,UTA,away,Sebastian Cossa,34654,Confirmed,2026-10-03T22:31:30.550Z,Cossa will start in Columbus on Saturday.,Catherine Bogart,-112,1.5,0.0,0.0
2026-10-03,2026-10-03T23:01:16.158670+00:00,UTA,CBJ,2026-10-03T23:00:00.000Z,CBJ,home,Jet Greaves,29751,Confirmed,2026-10-03T22:47:05.694Z,Greaves will start vs. Utah on Saturday.,NHL.com,-108,1.5,0.885,3.0
2026-10-03,2026-10-03T23:01:16.158670+00:00,CAR,PHI,2026-10-03T23:00:00.000Z,CAR,away,Pyotr Kochetkov,30486,Confirmed,2026-10-03T20:57:25.497Z,Kochetkov will start in Philadelphia on Saturday.,Walt Ruff,-130,1.5,0.0,0.0
2026-10-03,2026-10-03T23:01:16.158670+00:00,CAR,PHI,2026-10-03T23:00:00.000Z,PHI,home,Joseph Woll,27288,Confirmed,2026-10-03T15:29:35.710Z,Woll will start vs. Carolina on Saturday.,Jordan Hall,110,1.5,0.932,2.86
2026-10-03,2026-10-03T23:01:16.158670+00:00,OTT,TOR,2026-10-03T23:00:00.000Z,OTT,away,Linus Ullmark,2534,Confirmed,2026-10-03T22:59:52.391Z,Ullmark will start Saturday in Toronto.,NHL.com,105,1.5,0.0,0.0
2026-10-03,2026-10-03T23:01:16.158670+00:00,OTT,TOR,2026-10-03T23:00:00.000Z,TOR,home,Sergei Bobrovsky,1117,Confirmed,2026-10-03T22:46:05.089Z,Bobrovsky will start vs. Ottawa on Saturday.,David Alter,-125,1.5,0.875,3.05
2026-10-03,2026-10-03T23:01:16.158670+00:00,MTL,PIT,2026-10-03T23:00:00.000Z,MTL,away,Jakub Dobes,31895,Confirmed,2026-10-03T16:01:10.562Z,Dobes will start in Pittsburgh on Saturday.,Montreal Canadiens,-130,1.5,0.929,2.0
2026-10-03,2026-10-03T23:01:16.158670+00:00,MTL,PIT,2026-10-03T23:00:00.000Z,PIT,home,Arturs Silovs,31270,Confirmed,2026-10-03T15:28:45.515Z,Silovs will start vs. Montreal on Saturday.,Michelle Crechiolo,110,1.5,1.0,0.0
2026-10-03,2026-10-03T23:01:16.158670+00:00,WSH,TBL,2026-10-03T23:00:00.000Z,WSH,away,Charlie Lindgren,2615,Confirmed,2026-10-01T16:08:52.463Z,Lindgren will start in Tampa Bay on Saturday.,Sammi Silber,130,1.5,0.0,0.0
2026-10-03,2026-10-03T23:01:16.158670+00:00,WSH,TBL,2026-10-03T23:00:00.000Z,TBL,home,Andrei Vasilevskiy,2413,Confirmed,2026-10-03T22:29:53.078Z,Vasilevskiy will start vs. Washington on Saturday.,Benjamin Pierce,-155,1.5,0.833,4.29
2026-10-03,2026-10-03T23:01:16.158670+00:00,NJD,NYI,2026-10-03T23:30:00.000Z,NJD,away,Nico Daws,29186,Confirmed,2026-10-03T15:49:56.245Z,Daws will start vs. NYI on Saturday.,Amanda Stein,-130,1.5,0.0,0.0
2026-10-03,2026-10-03T23:01:16.158670+00:00,NJD,NYI,2026-10-03T23:30:00.000Z,NYI,home,Ilya Sorokin,25264,Confirmed,2026-10-02T16:23:49.412Z,Sorokin will start Saturday vs. the Devils.,Stefen Rosner,110,1.5,0.923,2.07
2026-10-03,2026-10-03T23:01:16.158670+00:00,BOS,MIN,2026-10-04T00:00:00.000Z,BOS,away,Michael DiPietro,4771,Confirmed,2026-10-03T22:50:23.742Z,DiPietro will start in Minnesota on Saturday.,Adam Pellerin,150,1.5,0.0,0.0
2026-10-03,2026-10-03T23:01:16.158670+00:00,BOS,MIN,2026-10-04T00:00:00.000Z,MIN,home,Jesper Wallstedt,31763,Confirmed,2026-10-03T15:59:48.217Z,Wallstedt will start vs. Boston on Saturday.,Joe O'Donnell,-180,1.5,0.95,1.0
2026-10-03,2026-10-03T23:01:16.158670+00:00,DAL,NSH,2026-10-04T00:00:00.000Z,DAL,away,Casey DeSmith,2572,Confirmed,2026-10-03T17:59:09.661Z,DeSmith will start in Nashville on Saturday.,Mike Heika,-135,1.5,0.0,0.0
2026-10-03,2026-10-03T23:01:16.158670+00:00,DAL,NSH,2026-10-04T00:00:00.000Z,NSH,home,Juuse Saros,2557,Likely,2026-10-03T16:25:20.648Z,Saros is expected to start vs. Dallas on Saturday.,Nick Kieser,114,1.5,0.9,3.05
2026-10-03,2026-10-03T23:01:16.158670+00:00,STL,COL,2026-10-04T01:00:00.000Z,STL,away,Jordan Binnington,1984,Likely,2026-10-02T17:19:52.350Z,Binnington is expected to start Saturday in Colorado.,Lou Korac,240,1.5,0.0,0.0
2026-10-03,2026-10-03T23:01:16.158670+00:00,STL,COL,2026-10-04T01:00:00.000Z,COL,home,Mackenzie Blackwood,3792,Likely,2026-10-03T16:26:42.264Z,Blackwood is in the starter's crease at Saturday's morning skate.,Bailey Curtis,-298,1.5,0.871,4.0
2026-10-03,2026-10-03T23:01:16.158670+00:00,LAK,SJS,2026-10-04T02:00:00.000Z,LAK,away,Anton Forsberg,2394,Likely,2026-10-03T18:14:16.572Z,Forsberg is expected to start in San Jose on Saturday.,Zach Dooley,100,1.5,0.0,0.0
2026-10-03,2026-10-03T23:01:16.158670+00:00,LAK,SJS,2026-10-04T02:00:00.000Z,SJS,home,Yaroslav Askarov,33018,Confirmed,2026-10-03T18:11:47.175Z,Askarov will start vs. Los Angeles on Saturday.,Sheng Peng,-120,1.5,0.885,2.81
2026-10-03,2026-10-03T23:01:16.158670+00:00,CGY,VAN,2026-10-04T02:00:00.000Z,CGY,away,Devin Cooley,32944,Confirmed,2026-10-03T18:44:11.205Z,Cooley will start in Vancouver on Saturday.,Eric Francis,-110,1.5,0.0,0.0
2026-10-03,2026-10-03T23:01:16.158670+00:00,CGY,VAN,2026-10-04T02:00:00.000Z,VAN,home,Leevi Merilainen,34600,Likely,2026-10-03T17:24:35.230Z,Merilainen is expected to start vs. Calgary on Saturday.,Brendan Batchelor,-110,1.5,0.0,0.0
2026-10-03,2026-10-03T23:16:20.583090+00:00,CHI,BUF,2026-10-03T23:00:00.000Z,CHI,away,Spencer Knight,30475,Confirmed,2026-10-03T19:12:42.155Z,Knight will start in Buffalo on Saturday.,Vinnie Parise,190,1.5,0.889,4.0
2026-10-03,2026-10-03T23:16:20.583090+00:00,CHI,BUF,2026-10-03T23:00:00.000Z,BUF,home,Ukko-Pekka Luukkonen,4783,Confirmed,2026-10-03T22:30:29.769Z,Luukkonen will start vs. Chicago on Saturday.,Matthew Fairburn,-230,1.5,0.773,5.0
2026-10-03,2026-10-03T23:16:20.583090+00:00,SEA,EDM,2026-10-03T23:00:00.000Z,SEA,away,Philipp Grubauer,2065,Confirmed,2026-10-03T22:38:53.198Z,Grubauer will start in Edmonton on Saturday.,Sound of Hockey,170,1.5,0.0,0.0
2026-10-03,2026-10-03T23:16:20.583090+00:00,SEA,EDM,2026-10-03T23:00:00.000Z,EDM,home,Devon Levi,33010,Confirmed,2026-10-03T22:38:17.723Z,Levi will start vs. Seattle on Saturday.,Bob Stauffer,-205,1.5,0.682,7.0
2026-10-03,2026-10-03T23:16:20.583090+00:00,UTA,CBJ,2026-10-03T23:00:00.000Z,UTA,away,Sebastian Cossa,34654,Confirmed,2026-10-03T22:31:30.550Z,Cossa will start in Columbus on Saturday.,Catherine Bogart,-112,1.5,0.0,0.0
2026-10-03,2026-10-03T23:16:20.583090+00:00,UTA,CBJ,2026-10-03T23:00:00.000Z,CBJ,home,Jet Greaves,29751,Confirmed,2026-10-03T22:47:05.694Z,Greaves will start vs. Utah on Saturday.,NHL.com,-108,1.5,0.885,3.0
2026-10-03,2026-10-03T23:16:20.583090+00:00,CAR,PHI,2026-10-03T23:00:00.000Z,CAR,away,Pyotr Kochetkov,30486,Confirmed,2026-10-03T20:57:25.497Z,Kochetkov will start in Philadelphia on Saturday.,Walt Ruff,-130,1.5,0.0,0.0
2026-10-03,2026-10-03T23:16:20.583090+00:00,CAR,PHI,2026-10-03T23:00:00.000Z,PHI,home,Joseph Woll,27288,Confirmed,2026-10-03T15:29:35.710Z,Woll will start vs. Carolina on Saturday.,Jordan Hall,110,1.5,0.932,2.86
2026-10-03,2026-10-03T23:16:20.583090+00:00,OTT,TOR,2026-10-03T23:00:00.000Z,OTT,away,Linus Ullmark,2534,Confirmed,2026-10-03T22:59:52.391Z,Ullmark will start Saturday in Toronto.,NHL.com,105,1.5,0.0,0.0
2026-10-03,2026-10-03T23:16:20.583090+00:00,OTT,TOR,2026-10-03T23:00:00.000Z,TOR,home,Sergei Bobrovsky,1117,Confirmed,2026-10-03T22:46:05.089Z,Bobrovsky will start vs. Ottawa on Saturday.,David Alter,-125,1.5,0.875,3.05
2026-10-03,2026-10-03T23:16:20.583090+00:00,MTL,PIT,2026-10-03T23:00:00.000Z,MTL,away,Jakub Dobes,31895,Confirmed,2026-10-03T16:01:10.562Z,Dobes will start in Pittsburgh on Saturday.,Montreal Canadiens,-130,1.5,0.929,2.0
2026-10-03,2026-10-03T23:16:20.583090+00:00,MTL,PIT,2026-10-03T23:00:00.000Z,PIT,home,Arturs Silovs,31270,Confirmed,2026-10-03T15:28:45.515Z,Silovs will start vs. Montreal on Saturday.,Michelle Crechiolo,110,1.5,1.0,0.0
2026-10-03,2026-10-03T23:16:20.583090+00:00,WSH,TBL,2026-10-03T23:00:00.000Z,WSH,away,Charlie Lindgren,2615,Confirmed,2026-10-01T16:08:52.463Z,Lindgren will start in Tampa Bay on Saturday.,Sammi Silber,130,1.5,0.0,0.0
2026-10-03,2026-10-03T23:16:20.583090+00:00,WSH,TBL,2026-10-03T23:00:00.000Z,TBL,home,Andrei Vasilevskiy,2413,Confirmed,2026-10-03T22:29:53.078Z,Vasilevskiy will start vs. Washington on Saturday.,Benjamin Pierce,-155,1.5,0.833,4.29
2026-10-03,2026-10-03T23:16:20.583090+00:00,NJD,NYI,2026-10-03T23:30:00.000Z,NJD,away,Nico Daws,29186,Confirmed,2026-10-03T15:49:56.245Z,Daws will start vs. NYI on Saturday.,Amanda Stein,-130,1.5,0.0,0.0
2026-10-03,2026-10-03T23:16:20.583090+00:00,NJD,NYI,2026-10-03T23:30:00.000Z,NYI,home,Ilya Sorokin,25264,Confirmed,2026-10-02T16:23:49.412Z,Sorokin will start Saturday vs. the Devils.,Stefen Rosner,110,1.5,0.923,2.07
2026-10-03,2026-10-03T23:16:20.583090+00:00,BOS,MIN,2026-10-04T00:00:00.000Z,BOS,away,Michael DiPietro,4771,Confirmed,2026-10-03T22:50:23.742Z,DiPietro will start in Minnesota on Saturday.,Adam Pellerin,150,1.5,0.0,0.0
2026-10-03,2026-10-03T23:16:20.583090+00:00,BOS,MIN,2026-10-04T00:00:00.000Z,MIN,home,Jesper Wallstedt,31763,Confirmed,2026-10-03T15:59:48.217Z,Wallstedt will start vs. Boston on Saturday.,Joe O'Donnell,-180,1.5,0.95,1.0
2026-10-03,2026-10-03T23:16:20.583090+00:00,DAL,NSH,2026-10-04T00:00:00.000Z,DAL,away,Casey DeSmith,2572,Confirmed,2026-10-03T17:59:09.661Z,DeSmith will start in Nashville on Saturday.,Mike Heika,-135,1.5,0.0,0.0
2026-10-03,2026-10-03T23:16:20.583090+00:00,DAL,NSH,2026-10-04T00:00:00.000Z,NSH,home,Juuse Saros,2557,Likely,2026-10-03T16:25:20.648Z,Saros is expected to start vs. Dallas on Saturday.,Nick Kieser,114,1.5,0.9,3.05
2026-10-03,2026-10-03T23:16:20.583090+00:00,STL,COL,2026-10-04T01:00:00.000Z,STL,away,Jordan Binnington,1984,Likely,2026-10-02T17:19:52.350Z,Binnington is expected to start Saturday in Colorado.,Lou Korac,240,1.5,0.0,0.0
2026-10-03,2026-10-03T23:16:20.583090+00:00,STL,COL,2026-10-04T01:00:00.000Z,COL,home,Mackenzie Blackwood,3792,Likely,2026-10-03T16:26:42.264Z,Blackwood is in the starter's crease at Saturday's morning skate.,Bailey Curtis,-298,1.5,0.871,4.0
2026-10-03,2026-10-03T23:16:20.583090+00:00,LAK,SJS,2026-10-04T02:00:00.000Z,LAK,away,Anton Forsberg,2394,Likely,2026-10-03T18:14:16.572Z,Forsberg is expected to start in San Jose on Saturday.,Zach Dooley,100,1.5,0.0,0.0
2026-10-03,2026-10-03T23:16:20.583090+00:00,LAK,SJS,2026-10-04T02:00:00.000Z,SJS,home,Yaroslav Askarov,33018,Confirmed,2026-10-03T18:11:47.175Z,Askarov will start vs. Los Angeles on Saturday.,Sheng Peng,-120,1.5,0.885,2.81
2026-10-03,2026-10-03T23:16:20.583090+00:00,CGY,VAN,2026-10-04T02:00:00.000Z,CGY,away,Devin Cooley,32944,Confirmed,2026-10-03T18:44:11.205Z,Cooley will start in Vancouver on Saturday.,Eric Francis,-110,1.5,0.0,0.0
2026-10-03,2026-10-03T23:16:20.583090+00:00,CGY,VAN,2026-10-04T02:00:00.000Z,VAN,home,Leevi Merilainen,34600,Likely,2026-10-03T17:24:35.230Z,Merilainen is expected to start vs. Calgary on Saturday.,Brendan Batchelor,-110,1.5,0.0,0.0
2026-10-03,2026-10-03T23:31:23.502942+00:00,CHI,BUF,2026-10-03T23:00:00.000Z,CHI,away,Spencer Knight,30475,Confirmed,2026-10-03T19:12:42.155Z,Knight will start in Buffalo on Saturday.,Vinnie Parise,190,1.5,0.889,4.0
2026-10-03,2026-10-03T23:31:23.502942+00:00,CHI,BUF,2026-10-03T23:00:00.000Z,BUF,home,Ukko-Pekka Luukkonen,4783,Confirmed,2026-10-03T22:30:29.769Z,Luukkonen will start vs. Chicago on Saturday.,Matthew Fairburn,-230,1.5,0.773,5.0
2026-10-03,2026-10-03T23:31:23.502942+00:00,SEA,EDM,2026-10-03T23:00:00.000Z,SEA,away,Philipp Grubauer,2065,Confirmed,2026-10-03T22:38:53.198Z,Grubauer will start in Edmonton on Saturday.,Sound of Hockey,170,1.5,0.0,0.0
2026-10-03,2026-10-03T23:31:23.502942+00:00,SEA,EDM,2026-10-03T23:00:00.000Z,EDM,home,Devon Levi,33010,Confirmed,2026-10-03T22:38:17.723Z,Levi will start vs. Seattle on Saturday.,Bob Stauffer,-205,1.5,0.682,7.0
2026-10-03,2026-10-03T23:31:23.502942+00:00,UTA,CBJ,2026-10-03T23:00:00.000Z,UTA,away,Sebastian Cossa,34654,Confirmed,2026-10-03T22:31:30.550Z,Cossa will start in Columbus on Saturday.,Catherine Bogart,-112,1.5,0.0,0.0
2026-10-03,2026-10-03T23:31:23.502942+00:00,UTA,CBJ,2026-10-03T23:00:00.000Z,CBJ,home,Jet Greaves,29751,Confirmed,2026-10-03T22:47:05.694Z,Greaves will start vs. Utah on Saturday.,NHL.com,-108,1.5,0.885,3.0
2026-10-03,2026-10-03T23:31:23.502942+00:00,CAR,PHI,2026-10-03T23:00:00.000Z,CAR,away,Pyotr Kochetkov,30486,Confirmed,2026-10-03T20:57:25.497Z,Kochetkov will start in Philadelphia on Saturday.,Walt Ruff,-130,1.5,0.0,0.0
2026-10-03,2026-10-03T23:31:23.502942+00:00,CAR,PHI,2026-10-03T23:00:00.000Z,PHI,home,Joseph Woll,27288,Confirmed,2026-10-03T15:29:35.710Z,Woll will start vs. Carolina on Saturday.,Jordan Hall,110,1.5,0.932,2.86
2026-10-03,2026-10-03T23:31:23.502942+00:00,OTT,TOR,2026-10-03T23:00:00.000Z,OTT,away,Linus Ullmark,2534,Confirmed,2026-10-03T22:59:52.391Z,Ullmark will start Saturday in Toronto.,NHL.com,105,1.5,0.0,0.0
2026-10-03,2026-10-03T23:31:23.502942+00:00,OTT,TOR,2026-10-03T23:00:00.000Z,TOR,home,Sergei Bobrovsky,1117,Confirmed,2026-10-03T22:46:05.089Z,Bobrovsky will start vs. Ottawa on Saturday.,David Alter,-125,1.5,0.875,3.05
2026-10-03,2026-10-03T23:31:23.502942+00:00,MTL,PIT,2026-10-03T23:00:00.000Z,MTL,away,Jakub Dobes,31895,Confirmed,2026-10-03T16:01:10.562Z,Dobes will start in Pittsburgh on Saturday.,Montreal Canadiens,-130,1.5,0.929,2.0
2026-10-03,2026-10-03T23:31:23.502942+00:00,MTL,PIT,2026-10-03T23:00:00.000Z,PIT,home,Arturs Silovs,31270,Confirmed,2026-10-03T15:28:45.515Z,Silovs will start vs. Montreal on Saturday.,Michelle Crechiolo,110,1.5,1.0,0.0
2026-10-03,2026-10-03T23:31:23.502942+00:00,WSH,TBL,2026-10-03T23:00:00.000Z,WSH,away,Charlie Lindgren,2615,Confirmed,2026-10-01T16:08:52.463Z,Lindgren will start in Tampa Bay on Saturday.,Sammi Silber,130,1.5,0.0,0.0
2026-10-03,2026-10-03T23:31:23.502942+00:00,WSH,TBL,2026-10-03T23:00:00.000Z,TBL,home,Andrei Vasilevskiy,2413,Confirmed,2026-10-03T22:29:53.078Z,Vasilevskiy will start vs. Washington on Saturday.,Benjamin Pierce,-155,1.5,0.833,4.29
2026-10-03,2026-10-03T23:31:23.502942+00:00,NJD,NYI,2026-10-03T23:30:00.000Z,NJD,away,Nico Daws,29186,Confirmed,2026-10-03T15:49:56.245Z,Daws will start vs. NYI on Saturday.,Amanda Stein,-130,1.5,0.0,0.0
2026-10-03,2026-10-03T23:31:23.502942+00:00,NJD,NYI,2026-10-03T23:30:00.000Z,NYI,home,Ilya Sorokin,25264,Confirmed,2026-10-02T16:23:49.412Z,Sorokin will start Saturday vs. the Devils.,Stefen Rosner,110,1.5,0.923,2.07
2026-10-03,2026-10-03T23:31:23.502942+00:00,BOS,MIN,2026-10-04T00:00:00.000Z,BOS,away,Michael DiPietro,4771,Confirmed,2026-10-03T22:50:23.742Z,DiPietro will start in Minnesota on Saturday.,Adam Pellerin,150,1.5,0.0,0.0
2026-10-03,2026-10-03T23:31:23.502942+00:00,BOS,MIN,2026-10-04T00:00:00.000Z,MIN,home,Jesper Wallstedt,31763,Confirmed,2026-10-03T15:59:48.217Z,Wallstedt will start vs. Boston on Saturday.,Joe O'Donnell,-180,1.5,0.95,1.0
2026-10-03,2026-10-03T23:31:23.502942+00:00,DAL,NSH,2026-10-04T00:00:00.000Z,DAL,away,Casey DeSmith,2572,Confirmed,2026-10-03T17:59:09.661Z,DeSmith will start in Nashville on Saturday.,Mike Heika,-135,1.5,0.0,0.0
2026-10-03,2026-10-03T23:31:23.502942+00:00,DAL,NSH,2026-10-04T00:00:00.000Z,NSH,home,Juuse Saros,2557,Confirmed,2026-10-03T23:30:06.869Z,Saros will start vs. Dallas on Saturday.,Brooks Bratten,114,1.5,0.9,3.05
2026-10-03,2026-10-03T23:31:23.502942+00:00,STL,COL,2026-10-04T01:00:00.000Z,STL,away,Jordan Binnington,1984,Likely,2026-10-02T17:19:52.350Z,Binnington is expected to start Saturday in Colorado.,Lou Korac,240,1.5,0.0,0.0
2026-10-03,2026-10-03T23:31:23.502942+00:00,STL,COL,2026-10-04T01:00:00.000Z,COL,home,Mackenzie Blackwood,3792,Likely,2026-10-03T16:26:42.264Z,Blackwood is in the starter's crease at Saturday's morning skate.,Bailey Curtis,-298,1.5,0.871,4.0
2026-10-03,2026-10-03T23:31:23.502942+00:00,LAK,SJS,2026-10-04T02:00:00.000Z,LAK,away,Anton Forsberg,2394,Likely,2026-10-03T18:14:16.572Z,Forsberg is expected to start in San Jose on Saturday.,Zach Dooley,100,1.5,0.0,0.0
2026-10-03,2026-10-03T23:31:23.502942+00:00,LAK,SJS,2026-10-04T02:00:00.000Z,SJS,home,Yaroslav Askarov,33018,Confirmed,2026-10-03T18:11:47.175Z,Askarov will start vs. Los Angeles on Saturday.,Sheng Peng,-120,1.5,0.885,2.81
2026-10-03,2026-10-03T23:31:23.502942+00:00,CGY,VAN,2026-10-04T02:00:00.000Z,CGY,away,Devin Cooley,32944,Confirmed,2026-10-03T18:44:11.205Z,Cooley will start in Vancouver on Saturday.,Eric Francis,-110,1.5,0.0,0.0
2026-10-03,2026-10-03T23:31:23.502942+00:00,CGY,VAN,2026-10-04T02:00:00.000Z,VAN,home,Leevi Merilainen,34600,Likely,2026-10-03T17:24:35.230Z,Merilainen is expected to start vs. Calgary on Saturday.,Brendan Batchelor,-110,1.5,0.0,0.0
2026-10-03,2026-10-03T23:46:26.563260+00:00,CHI,BUF,2026-10-03T23:00:00.000Z,CHI,away,Spencer Knight,30475,Confirmed,2026-10-03T19:12:42.155Z,Knight will start in Buffalo on Saturday.,Vinnie Parise,190,1.5,0.889,4.0
2026-10-03,2026-10-03T23:46:26.563260+00:00,CHI,BUF,2026-10-03T23:00:00.000Z,BUF,home,Ukko-Pekka Luukkonen,4783,Confirmed,2026-10-03T22:30:29.769Z,Luukkonen will start vs. Chicago on Saturday.,Matthew Fairburn,-230,1.5,0.773,5.0
2026-10-03,2026-10-03T23:46:26.563260+00:00,SEA,EDM,2026-10-03T23:00:00.000Z,SEA,away,Philipp Grubauer,2065,Confirmed,2026-10-03T22:38:53.198Z,Grubauer will start in Edmonton on Saturday.,Sound of Hockey,170,1.5,0.0,0.0
2026-10-03,2026-10-03T23:46:26.563260+00:00,SEA,EDM,2026-10-03T23:00:00.000Z,EDM,home,Devon Levi,33010,Confirmed,2026-10-03T22:38:17.723Z,Levi will start vs. Seattle on Saturday.,Bob Stauffer,-205,1.5,0.682,7.0
2026-10-03,2026-10-03T23:46:26.563260+00:00,UTA,CBJ,2026-10-03T23:00:00.000Z,UTA,away,Sebastian Cossa,34654,Confirmed,2026-10-03T22:31:30.550Z,Cossa will start in Columbus on Saturday.,Catherine Bogart,-112,1.5,0.0,0.0
2026-10-03,2026-10-03T23:46:26.563260+00:00,UTA,CBJ,2026-10-03T23:00:00.000Z,CBJ,home,Jet Greaves,29751,Confirmed,2026-10-03T22:47:05.694Z,Greaves will start vs. Utah on Saturday.,NHL.com,-108,1.5,0.885,3.0
2026-10-03,2026-10-03T23:46:26.563260+00:00,CAR,PHI,2026-10-03T23:00:00.000Z,CAR,away,Pyotr Kochetkov,30486,Confirmed,2026-10-03T20:57:25.497Z,Kochetkov will start in Philadelphia on Saturday.,Walt Ruff,-130,1.5,0.0,0.0
2026-10-03,2026-10-03T23:46:26.563260+00:00,CAR,PHI,2026-10-03T23:00:00.000Z,PHI,home,Joseph Woll,27288,Confirmed,2026-10-03T15:29:35.710Z,Woll will start vs. Carolina on Saturday.,Jordan Hall,110,1.5,0.932,2.86
2026-10-03,2026-10-03T23:46:26.563260+00:00,OTT,TOR,2026-10-03T23:00:00.000Z,OTT,away,Linus Ullmark,2534,Confirmed,2026-10-03T22:59:52.391Z,Ullmark will start Saturday in Toronto.,NHL.com,105,1.5,0.0,0.0
2026-10-03,2026-10-03T23:46:26.563260+00:00,OTT,TOR,2026-10-03T23:00:00.000Z,TOR,home,Sergei Bobrovsky,1117,Confirmed,2026-10-03T22:46:05.089Z,Bobrovsky will start vs. Ottawa on Saturday.,David Alter,-125,1.5,0.875,3.05
2026-10-03,2026-10-03T23:46:26.563260+00:00,MTL,PIT,2026-10-03T23:00:00.000Z,MTL,away,Jakub Dobes,31895,Confirmed,2026-10-03T16:01:10.562Z,Dobes will start in Pittsburgh on Saturday.,Montreal Canadiens,-130,1.5,0.929,2.0
2026-10-03,2026-10-03T23:46:26.563260+00:00,MTL,PIT,2026-10-03T23:00:00.000Z,PIT,home,Arturs Silovs,31270,Confirmed,2026-10-03T15:28:45.515Z,Silovs will start vs. Montreal on Saturday.,Michelle Crechiolo,110,1.5,1.0,0.0
2026-10-03,2026-10-03T23:46:26.563260+00:00,WSH,TBL,2026-10-03T23:00:00.000Z,WSH,away,Charlie Lindgren,2615,Confirmed,2026-10-01T16:08:52.463Z,Lindgren will start in Tampa Bay on Saturday.,Sammi Silber,130,1.5,0.0,0.0
2026-10-03,2026-10-03T23:46:26.563260+00:00,WSH,TBL,2026-10-03T23:00:00.000Z,TBL,home,Andrei Vasilevskiy,2413,Confirmed,2026-10-03T22:29:53.078Z,Vasilevskiy will start vs. Washington on Saturday.,Benjamin Pierce,-155,1.5,0.833,4.29
2026-10-03,2026-10-03T23:46:26.563260+00:00,NJD,NYI,2026-10-03T23:30:00.000Z,NJD,away,Nico Daws,29186,Confirmed,2026-10-03T15:49:56.245Z,Daws will start vs. NYI on Saturday.,Amanda Stein,-130,1.5,0.0,0.0
2026-10-03,2026-10-03T23:46:26.563260+00:00,NJD,NYI,2026-10-03T23:30:00.000Z,NYI,home,Ilya Sorokin,25264,Confirmed,2026-10-02T16:23:49.412Z,Sorokin will start Saturday vs. the Devils.,Stefen Rosner,110,1.5,0.923,2.07
2026-10-03,2026-10-03T23:46:26.563260+00:00,BOS,MIN,2026-10-04T00:00:00.000Z,BOS,away,Michael DiPietro,4771,Confirmed,2026-10-03T22:50:23.742Z,DiPietro will start in Minnesota on Saturday.,Adam Pellerin,150,1.5,0.0,0.0
2026-10-03,2026-10-03T23:46:26.563260+00:00,BOS,MIN,2026-10-04T00:00:00.000Z,MIN,home,Jesper Wallstedt,31763,Confirmed,2026-10-03T15:59:48.217Z,Wallstedt will start vs. Boston on Saturday.,Joe O'Donnell,-180,1.5,0.95,1.0
2026-10-03,2026-10-03T23:46:26.563260+00:00,DAL,NSH,2026-10-04T00:00:00.000Z,DAL,away,Casey DeSmith,2572,Confirmed,2026-10-03T17:59:09.661Z,DeSmith will start in Nashville on Saturday.,Mike Heika,-135,1.5,0.0,0.0
2026-10-03,2026-10-03T23:46:26.563260+00:00,DAL,NSH,2026-10-04T00:00:00.000Z,NSH,home,Juuse Saros,2557,Confirmed,2026-10-03T23:30:06.869Z,Saros will start vs. Dallas on Saturday.,Brooks Bratten,114,1.5,0.9,3.05
2026-10-03,2026-10-03T23:46:26.563260+00:00,STL,COL,2026-10-04T01:00:00.000Z,STL,away,Jordan Binnington,1984,Likely,2026-10-02T17:19:52.350Z,Binnington is expected to start Saturday in Colorado.,Lou Korac,240,1.5,0.0,0.0
2026-10-03,2026-10-03T23:46:26.563260+00:00,STL,COL,2026-10-04T01:00:00.000Z,COL,home,Mackenzie Blackwood,3792,Likely,2026-10-03T16:26:42.264Z,Blackwood is in the starter's crease at Saturday's morning skate.,Bailey Curtis,-298,1.5,0.871,4.0
2026-10-03,2026-10-03T23:46:26.563260+00:00,LAK,SJS,2026-10-04T02:00:00.000Z,LAK,away,Anton Forsberg,2394,Likely,2026-10-03T18:14:16.572Z,Forsberg is expected to start in San Jose on Saturday.,Zach Dooley,100,1.5,0.0,0.0
2026-10-03,2026-10-03T23:46:26.563260+00:00,LAK,SJS,2026-10-04T02:00:00.000Z,SJS,home,Yaroslav Askarov,33018,Confirmed,2026-10-03T18:11:47.175Z,Askarov will start vs. Los Angeles on Saturday.,Sheng Peng,-120,1.5,0.885,2.81
2026-10-03,2026-10-03T23:46:26.563260+00:00,CGY,VAN,2026-10-04T02:00:00.000Z,CGY,away,Devin Cooley,32944,Confirmed,2026-10-03T18:44:11.205Z,Cooley will start in Vancouver on Saturday.,Eric Francis,-110,1.5,0.0,0.0
2026-10-03,2026-10-03T23:46:26.563260+00:00,CGY,VAN,2026-10-04T02:00:00.000Z,VAN,home,Leevi Merilainen,34600,Likely,2026-10-03T17:24:35.230Z,Merilainen is expected to start vs. Calgary on Saturday.,Brendan Batchelor,-110,1.5,0.0,0.0
2026-10-03,2026-10-04T00:01:29.476915+00:00,CHI,BUF,2026-10-03T23:00:00.000Z,CHI,away,Spencer Knight,30475,Confirmed,2026-10-03T19:12:42.155Z,Knight will start in Buffalo on Saturday.,Vinnie Parise,190,1.5,0.889,4.0
2026-10-03,2026-10-04T00:01:29.476915+00:00,CHI,BUF,2026-10-03T23:00:00.000Z,BUF,home,Ukko-Pekka Luukkonen,4783,Confirmed,2026-10-03T22:30:29.769Z,Luukkonen will start vs. Chicago on Saturday.,Matthew Fairburn,-230,1.5,0.773,5.0
2026-10-03,2026-10-04T00:01:29.476915+00:00,SEA,EDM,2026-10-03T23:00:00.000Z,SEA,away,Philipp Grubauer,2065,Confirmed,2026-10-03T22:38:53.198Z,Grubauer will start in Edmonton on Saturday.,Sound of Hockey,170,1.5,0.0,0.0
2026-10-03,2026-10-04T00:01:29.476915+00:00,SEA,EDM,2026-10-03T23:00:00.000Z,EDM,home,Devon Levi,33010,Confirmed,2026-10-03T22:38:17.723Z,Levi will start vs. Seattle on Saturday.,Bob Stauffer,-205,1.5,0.682,7.0
2026-10-03,2026-10-04T00:01:29.476915+00:00,UTA,CBJ,2026-10-03T23:00:00.000Z,UTA,away,Sebastian Cossa,34654,Confirmed,2026-10-03T22:31:30.550Z,Cossa will start in Columbus on Saturday.,Catherine Bogart,-112,1.5,0.0,0.0
2026-10-03,2026-10-04T00:01:29.476915+00:00,UTA,CBJ,2026-10-03T23:00:00.000Z,CBJ,home,Jet Greaves,29751,Confirmed,2026-10-03T22:47:05.694Z,Greaves will start vs. Utah on Saturday.,NHL.com,-108,1.5,0.885,3.0
2026-10-03,2026-10-04T00:01:29.476915+00:00,CAR,PHI,2026-10-03T23:00:00.000Z,CAR,away,Pyotr Kochetkov,30486,Confirmed,2026-10-03T20:57:25.497Z,Kochetkov will start in Philadelphia on Saturday.,Walt Ruff,-130,1.5,0.0,0.0
2026-10-03,2026-10-04T00:01:29.476915+00:00,CAR,PHI,2026-10-03T23:00:00.000Z,PHI,home,Joseph Woll,27288,Confirmed,2026-10-03T15:29:35.710Z,Woll will start vs. Carolina on Saturday.,Jordan Hall,110,1.5,0.932,2.86
2026-10-03,2026-10-04T00:01:29.476915+00:00,OTT,TOR,2026-10-03T23:00:00.000Z,OTT,away,Linus Ullmark,2534,Confirmed,2026-10-03T22:59:52.391Z,Ullmark will start Saturday in Toronto.,NHL.com,105,1.5,0.0,0.0
2026-10-03,2026-10-04T00:01:29.476915+00:00,OTT,TOR,2026-10-03T23:00:00.000Z,TOR,home,Sergei Bobrovsky,1117,Confirmed,2026-10-03T22:46:05.089Z,Bobrovsky will start vs. Ottawa on Saturday.,David Alter,-125,1.5,0.875,3.05
2026-10-03,2026-10-04T00:01:29.476915+00:00,MTL,PIT,2026-10-03T23:00:00.000Z,MTL,away,Jakub Dobes,31895,Confirmed,2026-10-03T16:01:10.562Z,Dobes will start in Pittsburgh on Saturday.,Montreal Canadiens,-130,1.5,0.929,2.0
2026-10-03,2026-10-04T00:01:29.476915+00:00,MTL,PIT,2026-10-03T23:00:00.000Z,PIT,home,Arturs Silovs,31270,Confirmed,2026-10-03T15:28:45.515Z,Silovs will start vs. Montreal on Saturday.,Michelle Crechiolo,110,1.5,1.0,0.0
2026-10-03,2026-10-04T00:01:29.476915+00:00,WSH,TBL,2026-10-03T23:00:00.000Z,WSH,away,Charlie Lindgren,2615,Confirmed,2026-10-01T16:08:52.463Z,Lindgren will start in Tampa Bay on Saturday.,Sammi Silber,130,1.5,0.0,0.0
2026-10-03,2026-10-04T00:01:29.476915+00:00,WSH,TBL,2026-10-03T23:00:00.000Z,TBL,home,Andrei Vasilevskiy,2413,Confirmed,2026-10-03T22:29:53.078Z,Vasilevskiy will start vs. Washington on Saturday.,Benjamin Pierce,-155,1.5,0.833,4.29
2026-10-03,2026-10-04T00:01:29.476915+00:00,NJD,NYI,2026-10-03T23:30:00.000Z,NJD,away,Nico Daws,29186,Confirmed,2026-10-03T15:49:56.245Z,Daws will start vs. NYI on Saturday.,Amanda Stein,-130,1.5,0.0,0.0
2026-10-03,2026-10-04T00:01:29.476915+00:00,NJD,NYI,2026-10-03T23:30:00.000Z,NYI,home,Ilya Sorokin,25264,Confirmed,2026-10-02T16:23:49.412Z,Sorokin will start Saturday vs. the Devils.,Stefen Rosner,110,1.5,0.923,2.07
2026-10-03,2026-10-04T00:01:29.476915+00:00,BOS,MIN,2026-10-04T00:00:00.000Z,BOS,away,Michael DiPietro,4771,Confirmed,2026-10-03T22:50:23.742Z,DiPietro will start in Minnesota on Saturday.,Adam Pellerin,150,1.5,0.0,0.0
2026-10-03,2026-10-04T00:01:29.476915+00:00,BOS,MIN,2026-10-04T00:00:00.000Z,MIN,home,Jesper Wallstedt,31763,Confirmed,2026-10-03T15:59:48.217Z,Wallstedt will start vs. Boston on Saturday.,Joe O'Donnell,-180,1.5,0.95,1.0
2026-10-03,2026-10-04T00:01:29.476915+00:00,DAL,NSH,2026-10-04T00:00:00.000Z,DAL,away,Casey DeSmith,2572,Confirmed,2026-10-03T17:59:09.661Z,DeSmith will start in Nashville on Saturday.,Mike Heika,-135,1.5,0.0,0.0
2026-10-03,2026-10-04T00:01:29.476915+00:00,DAL,NSH,2026-10-04T00:00:00.000Z,NSH,home,Juuse Saros,2557,Confirmed,2026-10-03T23:30:06.869Z,Saros will start vs. Dallas on Saturday.,Brooks Bratten,114,1.5,0.9,3.05
2026-10-03,2026-10-04T00:01:29.476915+00:00,STL,COL,2026-10-04T01:00:00.000Z,STL,away,Jordan Binnington,1984,Confirmed,2026-10-03T23:54:36.068Z,Binnington will start in Colorado on Saturday.,Chris Pinkert,240,1.5,0.0,0.0
2026-10-03,2026-10-04T00:01:29.476915+00:00,STL,COL,2026-10-04T01:00:00.000Z,COL,home,Mackenzie Blackwood,3792,Likely,2026-10-03T16:26:42.264Z,Blackwood is in the starter's crease at Saturday's morning skate.,Bailey Curtis,-298,1.5,0.871,4.0
2026-10-03,2026-10-04T00:01:29.476915+00:00,LAK,SJS,2026-10-04T02:00:00.000Z,LAK,away,Anton Forsberg,2394,Likely,2026-10-03T18:14:16.572Z,Forsberg is expected to start in San Jose on Saturday.,Zach Dooley,100,1.5,0.0,0.0
2026-10-03,2026-10-04T00:01:29.476915+00:00,LAK,SJS,2026-10-04T02:00:00.000Z,SJS,home,Yaroslav Askarov,33018,Confirmed,2026-10-03T18:11:47.175Z,Askarov will start vs. Los Angeles on Saturday.,Sheng Peng,-120,1.5,0.885,2.81
2026-10-03,2026-10-04T00:01:29.476915+00:00,CGY,VAN,2026-10-04T02:00:00.000Z,CGY,away,Devin Cooley,32944,Confirmed,2026-10-03T18:44:11.205Z,Cooley will start in Vancouver on Saturday.,Eric Francis,-110,1.5,0.0,0.0
2026-10-03,2026-10-04T00:01:29.476915+00:00,CGY,VAN,2026-10-04T02:00:00.000Z,VAN,home,Leevi Merilainen,34600,Likely,2026-10-03T17:24:35.230Z,Merilainen is expected to start vs. Calgary on Saturday.,Brendan Batchelor,-110,1.5,0.0,0.0
2026-10-03,2026-10-04T00:16:32.036659+00:00,OTT,TOR,2026-10-03T23:00:00.000Z,OTT,away,Linus Ullmark,2534,Confirmed,2026-10-03T22:59:52.391Z,Ullmark will start Saturday in Toronto.,NHL.com,105,1.5,0.0,0.0
2026-10-03,2026-10-04T00:16:32.036659+00:00,OTT,TOR,2026-10-03T23:00:00.000Z,TOR,home,Sergei Bobrovsky,1117,Confirmed,2026-10-03T22:46:05.089Z,Bobrovsky will start vs. Ottawa on Saturday.,David Alter,-125,1.5,0.875,3.05
2026-10-03,2026-10-04T00:16:32.036659+00:00,CAR,PHI,2026-10-03T23:00:00.000Z,CAR,away,Pyotr Kochetkov,30486,Confirmed,2026-10-03T20:57:25.497Z,Kochetkov will start in Philadelphia on Saturday.,Walt Ruff,-130,1.5,0.0,0.0
2026-10-03,2026-10-04T00:16:32.036659+00:00,CAR,PHI,2026-10-03T23:00:00.000Z,PHI,home,Joseph Woll,27288,Confirmed,2026-10-03T15:29:35.710Z,Woll will start vs. Carolina on Saturday.,Jordan Hall,110,1.5,0.932,2.86
2026-10-03,2026-10-04T00:16:32.036659+00:00,UTA,CBJ,2026-10-03T23:00:00.000Z,UTA,away,Sebastian Cossa,34654,Confirmed,2026-10-03T22:31:30.550Z,Cossa will start in Columbus on Saturday.,Catherine Bogart,-112,1.5,0.0,0.0
2026-10-03,2026-10-04T00:16:32.036659+00:00,UTA,CBJ,2026-10-03T23:00:00.000Z,CBJ,home,Jet Greaves,29751,Confirmed,2026-10-03T22:47:05.694Z,Greaves will start vs. Utah on Saturday.,NHL.com,-108,1.5,0.885,3.0
2026-10-03,2026-10-04T00:16:32.036659+00:00,MTL,PIT,2026-10-03T23:00:00.000Z,MTL,away,Jakub Dobes,31895,Confirmed,2026-10-03T16:01:10.562Z,Dobes will start in Pittsburgh on Saturday.,Montreal Canadiens,-130,1.5,0.929,2.0
2026-10-03,2026-10-04T00:16:32.036659+00:00,MTL,PIT,2026-10-03T23:00:00.000Z,PIT,home,Arturs Silovs,31270,Confirmed,2026-10-03T15:28:45.515Z,Silovs will start vs. Montreal on Saturday.,Michelle Crechiolo,110,1.5,1.0,0.0
2026-10-03,2026-10-04T00:16:32.036659+00:00,WSH,TBL,2026-10-03T23:00:00.000Z,WSH,away,Charlie Lindgren,2615,Confirmed,2026-10-01T16:08:52.463Z,Lindgren will start in Tampa Bay on Saturday.,Sammi Silber,130,1.5,0.0,0.0
2026-10-03,2026-10-04T00:16:32.036659+00:00,WSH,TBL,2026-10-03T23:00:00.000Z,TBL,home,Andrei Vasilevskiy,2413,Confirmed,2026-10-03T22:29:53.078Z,Vasilevskiy will start vs. Washington on Saturday.,Benjamin Pierce,-155,1.5,0.833,4.29
2026-10-03,2026-10-04T00:16:32.036659+00:00,SEA,EDM,2026-10-03T23:00:00.000Z,SEA,away,Philipp Grubauer,2065,Confirmed,2026-10-03T22:38:53.198Z,Grubauer will start in Edmonton on Saturday.,Sound of Hockey,170,1.5,0.0,0.0
2026-10-03,2026-10-04T00:16:32.036659+00:00,SEA,EDM,2026-10-03T23:00:00.000Z,EDM,home,Devon Levi,33010,Confirmed,2026-10-03T22:38:17.723Z,Levi will start vs. Seattle on Saturday.,Bob Stauffer,-205,1.5,0.682,7.0
2026-10-03,2026-10-04T00:16:32.036659+00:00,CHI,BUF,2026-10-03T23:00:00.000Z,CHI,away,Spencer Knight,30475,Confirmed,2026-10-03T19:12:42.155Z,Knight will start in Buffalo on Saturday.,Vinnie Parise,190,1.5,0.889,4.0
2026-10-03,2026-10-04T00:16:32.036659+00:00,CHI,BUF,2026-10-03T23:00:00.000Z,BUF,home,Ukko-Pekka Luukkonen,4783,Confirmed,2026-10-03T22:30:29.769Z,Luukkonen will start vs. Chicago on Saturday.,Matthew Fairburn,-230,1.5,0.773,5.0
2026-10-03,2026-10-04T00:16:32.036659+00:00,NJD,NYI,2026-10-03T23:30:00.000Z,NJD,away,Nico Daws,29186,Confirmed,2026-10-03T15:49:56.245Z,Daws will start vs. NYI on Saturday.,Amanda Stein,-130,1.5,0.0,0.0
2026-10-03,2026-10-04T00:16:32.036659+00:00,NJD,NYI,2026-10-03T23:30:00.000Z,NYI,home,Ilya Sorokin,25264,Confirmed,2026-10-02T16:23:49.412Z,Sorokin will start Saturday vs. the Devils.,Stefen Rosner,110,1.5,0.923,2.07
2026-10-03,2026-10-04T00:16:32.036659+00:00,DAL,NSH,2026-10-04T00:00:00.000Z,DAL,away,Casey DeSmith,2572,Confirmed,2026-10-03T17:59:09.661Z,DeSmith will start in Nashville on Saturday.,Mike Heika,-135,1.5,0.0,0.0
2026-10-03,2026-10-04T00:16:32.036659+00:00,DAL,NSH,2026-10-04T00:00:00.000Z,NSH,home,Juuse Saros,2557,Confirmed,2026-10-03T23:30:06.869Z,Saros will start vs. Dallas on Saturday.,Brooks Bratten,114,1.5,0.9,3.05
2026-10-03,2026-10-04T00:16:32.036659+00:00,BOS,MIN,2026-10-04T00:00:00.000Z,BOS,away,Michael DiPietro,4771,Confirmed,2026-10-03T22:50:23.742Z,DiPietro will start in Minnesota on Saturday.,Adam Pellerin,150,1.5,0.0,0.0
2026-10-03,2026-10-04T00:16:32.036659+00:00,BOS,MIN,2026-10-04T00:00:00.000Z,MIN,home,Jesper Wallstedt,31763,Confirmed,2026-10-03T15:59:48.217Z,Wallstedt will start vs. Boston on Saturday.,Joe O'Donnell,-180,1.5,0.95,1.0
2026-10-03,2026-10-04T00:16:32.036659+00:00,STL,COL,2026-10-04T01:00:00.000Z,STL,away,Jordan Binnington,1984,Confirmed,2026-10-03T23:54:36.068Z,Binnington will start in Colorado on Saturday.,Chris Pinkert,240,1.5,0.0,0.0
2026-10-03,2026-10-04T00:16:32.036659+00:00,STL,COL,2026-10-04T01:00:00.000Z,COL,home,Mackenzie Blackwood,3792,Likely,2026-10-03T16:26:42.264Z,Blackwood is in the starter's crease at Saturday's morning skate.,Bailey Curtis,-298,1.5,0.871,4.0
2026-10-03,2026-10-04T00:16:32.036659+00:00,LAK,SJS,2026-10-04T02:00:00.000Z,LAK,away,Anton Forsberg,2394,Likely,2026-10-03T18:14:16.572Z,Forsberg is expected to start in San Jose on Saturday.,Zach Dooley,100,1.5,0.0,0.0
2026-10-03,2026-10-04T00:16:32.036659+00:00,LAK,SJS,2026-10-04T02:00:00.000Z,SJS,home,Yaroslav Askarov,33018,Confirmed,2026-10-03T18:11:47.175Z,Askarov will start vs. Los Angeles on Saturday.,Sheng Peng,-120,1.5,0.885,2.81
2026-10-03,2026-10-04T00:16:32.036659+00:00,CGY,VAN,2026-10-04T02:00:00.000Z,CGY,away,Devin Cooley,32944,Confirmed,2026-10-03T18:44:11.205Z,Cooley will start in Vancouver on Saturday.,Eric Francis,-110,1.5,0.0,0.0
2026-10-03,2026-10-04T00:16:32.036659+00:00,CGY,VAN,2026-10-04T02:00:00.000Z,VAN,home,Leevi Merilainen,34600,Likely,2026-10-03T17:24:35.230Z,Merilainen is expected to start vs. Calgary on Saturday.,Brendan Batchelor,-110,1.5,0.0,0.0
2026-10-03,2026-10-04T00:31:34.325952+00:00,CHI,BUF,2026-10-03T23:00:00.000Z,CHI,away,Spencer Knight,30475,Confirmed,2026-10-03T19:12:42.155Z,Knight will start in Buffalo on Saturday.,Vinnie Parise,190,1.5,0.889,4.0
2026-10-03,2026-10-04T00:31:34.325952+00:00,CHI,BUF,2026-10-03T23:00:00.000Z,BUF,home,Ukko-Pekka Luukkonen,4783,Confirmed,2026-10-03T22:30:29.769Z,Luukkonen will start vs. Chicago on Saturday.,Matthew Fairburn,-230,1.5,0.773,5.0
2026-10-03,2026-10-04T00:31:34.325952+00:00,UTA,CBJ,2026-10-03T23:00:00.000Z,UTA,away,Sebastian Cossa,34654,Confirmed,2026-10-03T22:31:30.550Z,Cossa will start in Columbus on Saturday.,Catherine Bogart,-112,1.5,0.0,0.0
2026-10-03,2026-10-04T00:31:34.325952+00:00,UTA,CBJ,2026-10-03T23:00:00.000Z,CBJ,home,Jet Greaves,29751,Confirmed,2026-10-03T22:47:05.694Z,Greaves will start vs. Utah on Saturday.,NHL.com,-108,1.5,0.885,3.0
2026-10-03,2026-10-04T00:31:34.325952+00:00,MTL,PIT,2026-10-03T23:00:00.000Z,MTL,away,Jakub Dobes,31895,Confirmed,2026-10-03T16:01:10.562Z,Dobes will start in Pittsburgh on Saturday.,Montreal Canadiens,-130,1.5,0.929,2.0
2026-10-03,2026-10-04T00:31:34.325952+00:00,MTL,PIT,2026-10-03T23:00:00.000Z,PIT,home,Arturs Silovs,31270,Confirmed,2026-10-03T15:28:45.515Z,Silovs will start vs. Montreal on Saturday.,Michelle Crechiolo,110,1.5,1.0,0.0
2026-10-03,2026-10-04T00:31:34.325952+00:00,SEA,EDM,2026-10-03T23:00:00.000Z,SEA,away,Philipp Grubauer,2065,Confirmed,2026-10-03T22:38:53.198Z,Grubauer will start in Edmonton on Saturday.,Sound of Hockey,170,1.5,0.0,0.0
2026-10-03,2026-10-04T00:31:34.325952+00:00,SEA,EDM,2026-10-03T23:00:00.000Z,EDM,home,Devon Levi,33010,Confirmed,2026-10-03T22:38:17.723Z,Levi will start vs. Seattle on Saturday.,Bob Stauffer,-205,1.5,0.682,7.0
2026-10-03,2026-10-04T00:31:34.325952+00:00,WSH,TBL,2026-10-03T23:00:00.000Z,WSH,away,Charlie Lindgren,2615,Confirmed,2026-10-01T16:08:52.463Z,Lindgren will start in Tampa Bay on Saturday.,Sammi Silber,130,1.5,0.0,0.0
2026-10-03,2026-10-04T00:31:34.325952+00:00,WSH,TBL,2026-10-03T23:00:00.000Z,TBL,home,Andrei Vasilevskiy,2413,Confirmed,2026-10-03T22:29:53.078Z,Vasilevskiy will start vs. Washington on Saturday.,Benjamin Pierce,-155,1.5,0.833,4.29
2026-10-03,2026-10-04T00:31:34.325952+00:00,CAR,PHI,2026-10-03T23:00:00.000Z,CAR,away,Pyotr Kochetkov,30486,Confirmed,2026-10-03T20:57:25.497Z,Kochetkov will start in Philadelphia on Saturday.,Walt Ruff,-130,1.5,0.0,0.0
2026-10-03,2026-10-04T00:31:34.325952+00:00,CAR,PHI,2026-10-03T23:00:00.000Z,PHI,home,Joseph Woll,27288,Confirmed,2026-10-03T15:29:35.710Z,Woll will start vs. Carolina on Saturday.,Jordan Hall,110,1.5,0.932,2.86
2026-10-03,2026-10-04T00:31:34.325952+00:00,OTT,TOR,2026-10-03T23:00:00.000Z,OTT,away,Linus Ullmark,2534,Confirmed,2026-10-03T22:59:52.391Z,Ullmark will start Saturday in Toronto.,NHL.com,105,1.5,0.0,0.0
2026-10-03,2026-10-04T00:31:34.325952+00:00,OTT,TOR,2026-10-03T23:00:00.000Z,TOR,home,Sergei Bobrovsky,1117,Confirmed,2026-10-03T22:46:05.089Z,Bobrovsky will start vs. Ottawa on Saturday.,David Alter,-125,1.5,0.875,3.05
2026-10-03,2026-10-04T00:31:34.325952+00:00,NJD,NYI,2026-10-03T23:30:00.000Z,NJD,away,Nico Daws,29186,Confirmed,2026-10-03T15:49:56.245Z,Daws will start vs. NYI on Saturday.,Amanda Stein,-130,1.5,0.0,0.0
2026-10-03,2026-10-04T00:31:34.325952+00:00,NJD,NYI,2026-10-03T23:30:00.000Z,NYI,home,Ilya Sorokin,25264,Confirmed,2026-10-02T16:23:49.412Z,Sorokin will start Saturday vs. the Devils.,Stefen Rosner,110,1.5,0.923,2.07
2026-10-03,2026-10-04T00:31:34.325952+00:00,DAL,NSH,2026-10-04T00:00:00.000Z,DAL,away,Casey DeSmith,2572,Confirmed,2026-10-03T17:59:09.661Z,DeSmith will start in Nashville on Saturday.,Mike Heika,-135,1.5,0.0,0.0
2026-10-03,2026-10-04T00:31:34.325952+00:00,DAL,NSH,2026-10-04T00:00:00.000Z,NSH,home,Juuse Saros,2557,Confirmed,2026-10-03T23:30:06.869Z,Saros will start vs. Dallas on Saturday.,Brooks Bratten,114,1.5,0.9,3.05
2026-10-03,2026-10-04T00:31:34.325952+00:00,BOS,MIN,2026-10-04T00:00:00.000Z,BOS,away,Michael DiPietro,4771,Confirmed,2026-10-03T22:50:23.742Z,DiPietro will start in Minnesota on Saturday.,Adam Pellerin,150,1.5,0.0,0.0
2026-10-03,2026-10-04T00:31:34.325952+00:00,BOS,MIN,2026-10-04T00:00:00.000Z,MIN,home,Jesper Wallstedt,31763,Confirmed,2026-10-03T15:59:48.217Z,Wallstedt will start vs. Boston on Saturday.,Joe O'Donnell,-180,1.5,0.95,1.0
2026-10-03,2026-10-04T00:31:34.325952+00:00,STL,COL,2026-10-04T01:00:00.000Z,STL,away,Jordan Binnington,1984,Confirmed,2026-10-03T23:54:36.068Z,Binnington will start in Colorado on Saturday.,Chris Pinkert,240,1.5,0.0,0.0
2026-10-03,2026-10-04T00:31:34.325952+00:00,STL,COL,2026-10-04T01:00:00.000Z,COL,home,Mackenzie Blackwood,3792,Confirmed,2026-10-04T00:30:29.828Z,Blackwood will start vs. St. Louis on Saturday.,Bailey Curtis,-298,1.5,0.871,4.0
2026-10-03,2026-10-04T00:31:34.325952+00:00,LAK,SJS,2026-10-04T02:00:00.000Z,LAK,away,Anton Forsberg,2394,Likely,2026-10-03T18:14:16.572Z,Forsberg is expected to start in San Jose on Saturday.,Zach Dooley,-105,1.5,0.0,0.0
2026-10-03,2026-10-04T00:31:34.325952+00:00,LAK,SJS,2026-10-04T02:00:00.000Z,SJS,home,Yaroslav Askarov,33018,Confirmed,2026-10-03T18:11:47.175Z,Askarov will start vs. Los Angeles on Saturday.,Sheng Peng,-115,1.5,0.885,2.81
2026-10-03,2026-10-04T00:31:34.325952+00:00,CGY,VAN,2026-10-04T02:00:00.000Z,CGY,away,Devin Cooley,32944,Confirmed,2026-10-03T18:44:11.205Z,Cooley will start in Vancouver on Saturday.,Eric Francis,-110,1.5,0.0,0.0
2026-10-03,2026-10-04T00:31:34.325952+00:00,CGY,VAN,2026-10-04T02:00:00.000Z,VAN,home,Leevi Merilainen,34600,Likely,2026-10-03T17:24:35.230Z,Merilainen is expected to start vs. Calgary on Saturday.,Brendan Batchelor,-110,1.5,0.0,0.0
2026-10-03,2026-10-04T00:46:36.734195+00:00,CHI,BUF,2026-10-03T23:00:00.000Z,CHI,away,Spencer Knight,30475,Confirmed,2026-10-03T19:12:42.155Z,Knight will start in Buffalo on Saturday.,Vinnie Parise,190,1.5,0.889,4.0
2026-10-03,2026-10-04T00:46:36.734195+00:00,CHI,BUF,2026-10-03T23:00:00.000Z,BUF,home,Ukko-Pekka Luukkonen,4783,Confirmed,2026-10-03T22:30:29.769Z,Luukkonen will start vs. Chicago on Saturday.,Matthew Fairburn,-230,1.5,0.773,5.0
2026-10-03,2026-10-04T00:46:36.734195+00:00,UTA,CBJ,2026-10-03T23:00:00.000Z,UTA,away,Sebastian Cossa,34654,Confirmed,2026-10-03T22:31:30.550Z,Cossa will start in Columbus on Saturday.,Catherine Bogart,-112,1.5,0.0,0.0
2026-10-03,2026-10-04T00:46:36.734195+00:00,UTA,CBJ,2026-10-03T23:00:00.000Z,CBJ,home,Jet Greaves,29751,Confirmed,2026-10-03T22:47:05.694Z,Greaves will start vs. Utah on Saturday.,NHL.com,-108,1.5,0.885,3.0
2026-10-03,2026-10-04T00:46:36.734195+00:00,MTL,PIT,2026-10-03T23:00:00.000Z,MTL,away,Jakub Dobes,31895,Confirmed,2026-10-03T16:01:10.562Z,Dobes will start in Pittsburgh on Saturday.,Montreal Canadiens,-130,1.5,0.929,2.0
2026-10-03,2026-10-04T00:46:36.734195+00:00,MTL,PIT,2026-10-03T23:00:00.000Z,PIT,home,Arturs Silovs,31270,Confirmed,2026-10-03T15:28:45.515Z,Silovs will start vs. Montreal on Saturday.,Michelle Crechiolo,110,1.5,1.0,0.0
2026-10-03,2026-10-04T00:46:36.734195+00:00,SEA,EDM,2026-10-03T23:00:00.000Z,SEA,away,Philipp Grubauer,2065,Confirmed,2026-10-03T22:38:53.198Z,Grubauer will start in Edmonton on Saturday.,Sound of Hockey,170,1.5,0.0,0.0
2026-10-03,2026-10-04T00:46:36.734195+00:00,SEA,EDM,2026-10-03T23:00:00.000Z,EDM,home,Devon Levi,33010,Confirmed,2026-10-03T22:38:17.723Z,Levi will start vs. Seattle on Saturday.,Bob Stauffer,-205,1.5,0.682,7.0
2026-10-03,2026-10-04T00:46:36.734195+00:00,WSH,TBL,2026-10-03T23:00:00.000Z,WSH,away,Charlie Lindgren,2615,Confirmed,2026-10-01T16:08:52.463Z,Lindgren will start in Tampa Bay on Saturday.,Sammi Silber,130,1.5,0.0,0.0
2026-10-03,2026-10-04T00:46:36.734195+00:00,WSH,TBL,2026-10-03T23:00:00.000Z,TBL,home,Andrei Vasilevskiy,2413,Confirmed,2026-10-03T22:29:53.078Z,Vasilevskiy will start vs. Washington on Saturday.,Benjamin Pierce,-155,1.5,0.833,4.29
2026-10-03,2026-10-04T00:46:36.734195+00:00,CAR,PHI,2026-10-03T23:00:00.000Z,CAR,away,Pyotr Kochetkov,30486,Confirmed,2026-10-03T20:57:25.497Z,Kochetkov will start in Philadelphia on Saturday.,Walt Ruff,-130,1.5,0.0,0.0
2026-10-03,2026-10-04T00:46:36.734195+00:00,CAR,PHI,2026-10-03T23:00:00.000Z,PHI,home,Joseph Woll,27288,Confirmed,2026-10-03T15:29:35.710Z,Woll will start vs. Carolina on Saturday.,Jordan Hall,110,1.5,0.932,2.86
2026-10-03,2026-10-04T00:46:36.734195+00:00,OTT,TOR,2026-10-03T23:00:00.000Z,OTT,away,Linus Ullmark,2534,Confirmed,2026-10-03T22:59:52.391Z,Ullmark will start Saturday in Toronto.,NHL.com,105,1.5,0.0,0.0
2026-10-03,2026-10-04T00:46:36.734195+00:00,OTT,TOR,2026-10-03T23:00:00.000Z,TOR,home,Sergei Bobrovsky,1117,Confirmed,2026-10-03T22:46:05.089Z,Bobrovsky will start vs. Ottawa on Saturday.,David Alter,-125,1.5,0.875,3.05
2026-10-03,2026-10-04T00:46:36.734195+00:00,NJD,NYI,2026-10-03T23:30:00.000Z,NJD,away,Nico Daws,29186,Confirmed,2026-10-03T15:49:56.245Z,Daws will start vs. NYI on Saturday.,Amanda Stein,-130,1.5,0.0,0.0
2026-10-03,2026-10-04T00:46:36.734195+00:00,NJD,NYI,2026-10-03T23:30:00.000Z,NYI,home,Ilya Sorokin,25264,Confirmed,2026-10-02T16:23:49.412Z,Sorokin will start Saturday vs. the Devils.,Stefen Rosner,110,1.5,0.923,2.07
2026-10-03,2026-10-04T00:46:36.734195+00:00,DAL,NSH,2026-10-04T00:00:00.000Z,DAL,away,Casey DeSmith,2572,Confirmed,2026-10-03T17:59:09.661Z,DeSmith will start in Nashville on Saturday.,Mike Heika,-135,1.5,0.0,0.0
2026-10-03,2026-10-04T00:46:36.734195+00:00,DAL,NSH,2026-10-04T00:00:00.000Z,NSH,home,Juuse Saros,2557,Confirmed,2026-10-03T23:30:06.869Z,Saros will start vs. Dallas on Saturday.,Brooks Bratten,114,1.5,0.9,3.05
2026-10-03,2026-10-04T00:46:36.734195+00:00,BOS,MIN,2026-10-04T00:00:00.000Z,BOS,away,Michael DiPietro,4771,Confirmed,2026-10-03T22:50:23.742Z,DiPietro will start in Minnesota on Saturday.,Adam Pellerin,150,1.5,0.0,0.0
2026-10-03,2026-10-04T00:46:36.734195+00:00,BOS,MIN,2026-10-04T00:00:00.000Z,MIN,home,Jesper Wallstedt,31763,Confirmed,2026-10-03T15:59:48.217Z,Wallstedt will start vs. Boston on Saturday.,Joe O'Donnell,-180,1.5,0.95,1.0
2026-10-03,2026-10-04T00:46:36.734195+00:00,STL,COL,2026-10-04T01:00:00.000Z,STL,away,Jordan Binnington,1984,Confirmed,2026-10-03T23:54:36.068Z,Binnington will start in Colorado on Saturday.,Chris Pinkert,240,1.5,0.0,0.0
2026-10-03,2026-10-04T00:46:36.734195+00:00,STL,COL,2026-10-04T01:00:00.000Z,COL,home,Mackenzie Blackwood,3792,Confirmed,2026-10-04T00:30:29.828Z,Blackwood will start vs. St. Louis on Saturday.,Bailey Curtis,-298,1.5,0.871,4.0
2026-10-03,2026-10-04T00:46:36.734195+00:00,LAK,SJS,2026-10-04T02:00:00.000Z,LAK,away,Anton Forsberg,2394,Likely,2026-10-03T18:14:16.572Z,Forsberg is expected to start in San Jose on Saturday.,Zach Dooley,-105,1.5,0.0,0.0
2026-10-03,2026-10-04T00:46:36.734195+00:00,LAK,SJS,2026-10-04T02:00:00.000Z,SJS,home,Yaroslav Askarov,33018,Confirmed,2026-10-03T18:11:47.175Z,Askarov will start vs. Los Angeles on Saturday.,Sheng Peng,-115,1.5,0.885,2.81
2026-10-03,2026-10-04T00:46:36.734195+00:00,CGY,VAN,2026-10-04T02:00:00.000Z,CGY,away,Devin Cooley,32944,Confirmed,2026-10-03T18:44:11.205Z,Cooley will start in Vancouver on Saturday.,Eric Francis,-110,1.5,0.0,0.0
2026-10-03,2026-10-04T00:46:36.734195+00:00,CGY,VAN,2026-10-04T02:00:00.000Z,VAN,home,Leevi Merilainen,34600,Likely,2026-10-03T17:24:35.230Z,Merilainen is expected to start vs. Calgary on Saturday.,Brendan Batchelor,-110,1.5,0.0,0.0
2026-10-03,2026-10-04T01:01:39.162460+00:00,CHI,BUF,2026-10-03T23:00:00.000Z,CHI,away,Spencer Knight,30475,Confirmed,2026-10-03T19:12:42.155Z,Knight will start in Buffalo on Saturday.,Vinnie Parise,190,1.5,0.889,4.0
2026-10-03,2026-10-04T01:01:39.162460+00:00,CHI,BUF,2026-10-03T23:00:00.000Z,BUF,home,Ukko-Pekka Luukkonen,4783,Confirmed,2026-10-03T22:30:29.769Z,Luukkonen will start vs. Chicago on Saturday.,Matthew Fairburn,-230,1.5,0.773,5.0
2026-10-03,2026-10-04T01:01:39.162460+00:00,UTA,CBJ,2026-10-03T23:00:00.000Z,UTA,away,Sebastian Cossa,34654,Confirmed,2026-10-03T22:31:30.550Z,Cossa will start in Columbus on Saturday.,Catherine Bogart,-112,1.5,0.0,0.0
2026-10-03,2026-10-04T01:01:39.162460+00:00,UTA,CBJ,2026-10-03T23:00:00.000Z,CBJ,home,Jet Greaves,29751,Confirmed,2026-10-03T22:47:05.694Z,Greaves will start vs. Utah on Saturday.,NHL.com,-108,1.5,0.885,3.0
2026-10-03,2026-10-04T01:01:39.162460+00:00,MTL,PIT,2026-10-03T23:00:00.000Z,MTL,away,Jakub Dobes,31895,Confirmed,2026-10-03T16:01:10.562Z,Dobes will start in Pittsburgh on Saturday.,Montreal Canadiens,-130,1.5,0.929,2.0
2026-10-03,2026-10-04T01:01:39.162460+00:00,MTL,PIT,2026-10-03T23:00:00.000Z,PIT,home,Arturs Silovs,31270,Confirmed,2026-10-03T15:28:45.515Z,Silovs will start vs. Montreal on Saturday.,Michelle Crechiolo,110,1.5,1.0,0.0
2026-10-03,2026-10-04T01:01:39.162460+00:00,SEA,EDM,2026-10-03T23:00:00.000Z,SEA,away,Philipp Grubauer,2065,Confirmed,2026-10-03T22:38:53.198Z,Grubauer will start in Edmonton on Saturday.,Sound of Hockey,170,1.5,0.0,0.0
2026-10-03,2026-10-04T01:01:39.162460+00:00,SEA,EDM,2026-10-03T23:00:00.000Z,EDM,home,Devon Levi,33010,Confirmed,2026-10-03T22:38:17.723Z,Levi will start vs. Seattle on Saturday.,Bob Stauffer,-205,1.5,0.682,7.0
2026-10-03,2026-10-04T01:01:39.162460+00:00,WSH,TBL,2026-10-03T23:00:00.000Z,WSH,away,Charlie Lindgren,2615,Confirmed,2026-10-01T16:08:52.463Z,Lindgren will start in Tampa Bay on Saturday.,Sammi Silber,130,1.5,0.0,0.0
2026-10-03,2026-10-04T01:01:39.162460+00:00,WSH,TBL,2026-10-03T23:00:00.000Z,TBL,home,Andrei Vasilevskiy,2413,Confirmed,2026-10-03T22:29:53.078Z,Vasilevskiy will start vs. Washington on Saturday.,Benjamin Pierce,-155,1.5,0.833,4.29
2026-10-03,2026-10-04T01:01:39.162460+00:00,CAR,PHI,2026-10-03T23:00:00.000Z,CAR,away,Pyotr Kochetkov,30486,Confirmed,2026-10-03T20:57:25.497Z,Kochetkov will start in Philadelphia on Saturday.,Walt Ruff,-130,1.5,0.0,0.0
2026-10-03,2026-10-04T01:01:39.162460+00:00,CAR,PHI,2026-10-03T23:00:00.000Z,PHI,home,Joseph Woll,27288,Confirmed,2026-10-03T15:29:35.710Z,Woll will start vs. Carolina on Saturday.,Jordan Hall,110,1.5,0.932,2.86
2026-10-03,2026-10-04T01:01:39.162460+00:00,OTT,TOR,2026-10-03T23:00:00.000Z,OTT,away,Linus Ullmark,2534,Confirmed,2026-10-03T22:59:52.391Z,Ullmark will start Saturday in Toronto.,NHL.com,105,1.5,0.0,0.0
2026-10-03,2026-10-04T01:01:39.162460+00:00,OTT,TOR,2026-10-03T23:00:00.000Z,TOR,home,Sergei Bobrovsky,1117,Confirmed,2026-10-03T22:46:05.089Z,Bobrovsky will start vs. Ottawa on Saturday.,David Alter,-125,1.5,0.875,3.05
2026-10-03,2026-10-04T01:01:39.162460+00:00,NJD,NYI,2026-10-03T23:30:00.000Z,NJD,away,Nico Daws,29186,Confirmed,2026-10-03T15:49:56.245Z,Daws will start vs. NYI on Saturday.,Amanda Stein,-130,1.5,0.0,0.0
2026-10-03,2026-10-04T01:01:39.162460+00:00,NJD,NYI,2026-10-03T23:30:00.000Z,NYI,home,Ilya Sorokin,25264,Confirmed,2026-10-02T16:23:49.412Z,Sorokin will start Saturday vs. the Devils.,Stefen Rosner,110,1.5,0.923,2.07
2026-10-03,2026-10-04T01:01:39.162460+00:00,DAL,NSH,2026-10-04T00:00:00.000Z,DAL,away,Casey DeSmith,2572,Confirmed,2026-10-03T17:59:09.661Z,DeSmith will start in Nashville on Saturday.,Mike Heika,-135,1.5,0.0,0.0
2026-10-03,2026-10-04T01:01:39.162460+00:00,DAL,NSH,2026-10-04T00:00:00.000Z,NSH,home,Juuse Saros,2557,Confirmed,2026-10-03T23:30:06.869Z,Saros will start vs. Dallas on Saturday.,Brooks Bratten,114,1.5,0.9,3.05
2026-10-03,2026-10-04T01:01:39.162460+00:00,BOS,MIN,2026-10-04T00:00:00.000Z,BOS,away,Michael DiPietro,4771,Confirmed,2026-10-03T22:50:23.742Z,DiPietro will start in Minnesota on Saturday.,Adam Pellerin,150,1.5,0.0,0.0
2026-10-03,2026-10-04T01:01:39.162460+00:00,BOS,MIN,2026-10-04T00:00:00.000Z,MIN,home,Jesper Wallstedt,31763,Confirmed,2026-10-03T15:59:48.217Z,Wallstedt will start vs. Boston on Saturday.,Joe O'Donnell,-180,1.5,0.95,1.0
2026-10-03,2026-10-04T01:01:39.162460+00:00,STL,COL,2026-10-04T01:00:00.000Z,STL,away,Jordan Binnington,1984,Confirmed,2026-10-03T23:54:36.068Z,Binnington will start in Colorado on Saturday.,Chris Pinkert,240,1.5,0.0,0.0
2026-10-03,2026-10-04T01:01:39.162460+00:00,STL,COL,2026-10-04T01:00:00.000Z,COL,home,Mackenzie Blackwood,3792,Confirmed,2026-10-04T00:30:29.828Z,Blackwood will start vs. St. Louis on Saturday.,Bailey Curtis,-298,1.5,0.871,4.0
2026-10-03,2026-10-04T01:01:39.162460+00:00,LAK,SJS,2026-10-04T02:00:00.000Z,LAK,away,Anton Forsberg,2394,Likely,2026-10-03T18:14:16.572Z,Forsberg is expected to start in San Jose on Saturday.,Zach Dooley,-105,1.5,0.0,0.0
2026-10-03,2026-10-04T01:01:39.162460+00:00,LAK,SJS,2026-10-04T02:00:00.000Z,SJS,home,Yaroslav Askarov,33018,Confirmed,2026-10-03T18:11:47.175Z,Askarov will start vs. Los Angeles on Saturday.,Sheng Peng,-115,1.5,0.885,2.81
2026-10-03,2026-10-04T01:01:39.162460+00:00,CGY,VAN,2026-10-04T02:00:00.000Z,CGY,away,Devin Cooley,32944,Confirmed,2026-10-03T18:44:11.205Z,Cooley will start in Vancouver on Saturday.,Eric Francis,-110,1.5,0.0,0.0
2026-10-03,2026-10-04T01:01:39.162460+00:00,CGY,VAN,2026-10-04T02:00:00.000Z,VAN,home,Leevi Merilainen,34600,Likely,2026-10-03T17:24:35.230Z,Merilainen is expected to start vs. Calgary on Saturday.,Brendan Batchelor,-110,1.5,0.0,0.0
2026-10-03,2026-10-04T01:16:41.421878+00:00,CHI,BUF,2026-10-03T23:00:00.000Z,CHI,away,Spencer Knight,30475,Confirmed,2026-10-03T19:12:42.155Z,Knight will start in Buffalo on Saturday.,Vinnie Parise,190,1.5,0.889,4.0
2026-10-03,2026-10-04T01:16:41.421878+00:00,CHI,BUF,2026-10-03T23:00:00.000Z,BUF,home,Ukko-Pekka Luukkonen,4783,Confirmed,2026-10-03T22:30:29.769Z,Luukkonen will start vs. Chicago on Saturday.,Matthew Fairburn,-230,1.5,0.773,5.0
2026-10-03,2026-10-04T01:16:41.421878+00:00,UTA,CBJ,2026-10-03T23:00:00.000Z,UTA,away,Sebastian Cossa,34654,Confirmed,2026-10-03T22:31:30.550Z,Cossa will start in Columbus on Saturday.,Catherine Bogart,-112,1.5,0.0,0.0
2026-10-03,2026-10-04T01:16:41.421878+00:00,UTA,CBJ,2026-10-03T23:00:00.000Z,CBJ,home,Jet Greaves,29751,Confirmed,2026-10-03T22:47:05.694Z,Greaves will start vs. Utah on Saturday.,NHL.com,-108,1.5,0.885,3.0
2026-10-03,2026-10-04T01:16:41.421878+00:00,MTL,PIT,2026-10-03T23:00:00.000Z,MTL,away,Jakub Dobes,31895,Confirmed,2026-10-03T16:01:10.562Z,Dobes will start in Pittsburgh on Saturday.,Montreal Canadiens,-130,1.5,0.929,2.0
2026-10-03,2026-10-04T01:16:41.421878+00:00,MTL,PIT,2026-10-03T23:00:00.000Z,PIT,home,Arturs Silovs,31270,Confirmed,2026-10-03T15:28:45.515Z,Silovs will start vs. Montreal on Saturday.,Michelle Crechiolo,110,1.5,1.0,0.0
2026-10-03,2026-10-04T01:16:41.421878+00:00,SEA,EDM,2026-10-03T23:00:00.000Z,SEA,away,Philipp Grubauer,2065,Confirmed,2026-10-03T22:38:53.198Z,Grubauer will start in Edmonton on Saturday.,Sound of Hockey,170,1.5,0.0,0.0
2026-10-03,2026-10-04T01:16:41.421878+00:00,SEA,EDM,2026-10-03T23:00:00.000Z,EDM,home,Devon Levi,33010,Confirmed,2026-10-03T22:38:17.723Z,Levi will start vs. Seattle on Saturday.,Bob Stauffer,-205,1.5,0.682,7.0
2026-10-03,2026-10-04T01:16:41.421878+00:00,WSH,TBL,2026-10-03T23:00:00.000Z,WSH,away,Charlie Lindgren,2615,Confirmed,2026-10-01T16:08:52.463Z,Lindgren will start in Tampa Bay on Saturday.,Sammi Silber,130,1.5,0.0,0.0
2026-10-03,2026-10-04T01:16:41.421878+00:00,WSH,TBL,2026-10-03T23:00:00.000Z,TBL,home,Andrei Vasilevskiy,2413,Confirmed,2026-10-03T22:29:53.078Z,Vasilevskiy will start vs. Washington on Saturday.,Benjamin Pierce,-155,1.5,0.833,4.29
2026-10-03,2026-10-04T01:16:41.421878+00:00,CAR,PHI,2026-10-03T23:00:00.000Z,CAR,away,Pyotr Kochetkov,30486,Confirmed,2026-10-03T20:57:25.497Z,Kochetkov will start in Philadelphia on Saturday.,Walt Ruff,-130,1.5,0.0,0.0
2026-10-03,2026-10-04T01:16:41.421878+00:00,CAR,PHI,2026-10-03T23:00:00.000Z,PHI,home,Joseph Woll,27288,Confirmed,2026-10-03T15:29:35.710Z,Woll will start vs. Carolina on Saturday.,Jordan Hall,110,1.5,0.932,2.86
2026-10-03,2026-10-04T01:16:41.421878+00:00,OTT,TOR,2026-10-03T23:00:00.000Z,OTT,away,Linus Ullmark,2534,Confirmed,2026-10-03T22:59:52.391Z,Ullmark will start Saturday in Toronto.,NHL.com,105,1.5,0.0,0.0
2026-10-03,2026-10-04T01:16:41.421878+00:00,OTT,TOR,2026-10-03T23:00:00.000Z,TOR,home,Sergei Bobrovsky,1117,Confirmed,2026-10-03T22:46:05.089Z,Bobrovsky will start vs. Ottawa on Saturday.,David Alter,-125,1.5,0.875,3.05
2026-10-03,2026-10-04T01:16:41.421878+00:00,NJD,NYI,2026-10-03T23:30:00.000Z,NJD,away,Nico Daws,29186,Confirmed,2026-10-03T15:49:56.245Z,Daws will start vs. NYI on Saturday.,Amanda Stein,-130,1.5,0.0,0.0
2026-10-03,2026-10-04T01:16:41.421878+00:00,NJD,NYI,2026-10-03T23:30:00.000Z,NYI,home,Ilya Sorokin,25264,Confirmed,2026-10-02T16:23:49.412Z,Sorokin will start Saturday vs. the Devils.,Stefen Rosner,110,1.5,0.923,2.07
2026-10-03,2026-10-04T01:16:41.421878+00:00,DAL,NSH,2026-10-04T00:00:00.000Z,DAL,away,Casey DeSmith,2572,Confirmed,2026-10-03T17:59:09.661Z,DeSmith will start in Nashville on Saturday.,Mike Heika,-135,1.5,0.0,0.0
2026-10-03,2026-10-04T01:16:41.421878+00:00,DAL,NSH,2026-10-04T00:00:00.000Z,NSH,home,Juuse Saros,2557,Confirmed,2026-10-03T23:30:06.869Z,Saros will start vs. Dallas on Saturday.,Brooks Bratten,114,1.5,0.9,3.05
2026-10-03,2026-10-04T01:16:41.421878+00:00,BOS,MIN,2026-10-04T00:00:00.000Z,BOS,away,Michael DiPietro,4771,Confirmed,2026-10-03T22:50:23.742Z,DiPietro will start in Minnesota on Saturday.,Adam Pellerin,150,1.5,0.0,0.0
2026-10-03,2026-10-04T01:16:41.421878+00:00,BOS,MIN,2026-10-04T00:00:00.000Z,MIN,home,Jesper Wallstedt,31763,Confirmed,2026-10-03T15:59:48.217Z,Wallstedt will start vs. Boston on Saturday.,Joe O'Donnell,-180,1.5,0.95,1.0
2026-10-03,2026-10-04T01:16:41.421878+00:00,STL,COL,2026-10-04T01:00:00.000Z,STL,away,Jordan Binnington,1984,Confirmed,2026-10-03T23:54:36.068Z,Binnington will start in Colorado on Saturday.,Chris Pinkert,240,1.5,0.0,0.0
2026-10-03,2026-10-04T01:16:41.421878+00:00,STL,COL,2026-10-04T01:00:00.000Z,COL,home,Mackenzie Blackwood,3792,Confirmed,2026-10-04T00:30:29.828Z,Blackwood will start vs. St. Louis on Saturday.,Bailey Curtis,-298,1.5,0.871,4.0
2026-10-03,2026-10-04T01:16:41.421878+00:00,LAK,SJS,2026-10-04T02:00:00.000Z,LAK,away,Anton Forsberg,2394,Likely,2026-10-03T18:14:16.572Z,Forsberg is expected to start in San Jose on Saturday.,Zach Dooley,-105,1.5,0.0,0.0
2026-10-03,2026-10-04T01:16:41.421878+00:00,LAK,SJS,2026-10-04T02:00:00.000Z,SJS,home,Yaroslav Askarov,33018,Confirmed,2026-10-03T18:11:47.175Z,Askarov will start vs. Los Angeles on Saturday.,Sheng Peng,-115,1.5,0.885,2.81
2026-10-03,2026-10-04T01:16:41.421878+00:00,CGY,VAN,2026-10-04T02:00:00.000Z,CGY,away,Devin Cooley,32944,Confirmed,2026-10-03T18:44:11.205Z,Cooley will start in Vancouver on Saturday.,Eric Francis,-110,1.5,0.0,0.0
2026-10-03,2026-10-04T01:16:41.421878+00:00,CGY,VAN,2026-10-04T02:00:00.000Z,VAN,home,Leevi Merilainen,34600,Likely,2026-10-03T17:24:35.230Z,Merilainen is expected to start vs. Calgary on Saturday.,Brendan Batchelor,-110,1.5,0.0,0.0
2026-10-03,2026-10-04T01:31:43.736370+00:00,CHI,BUF,2026-10-03T23:00:00.000Z,CHI,away,Spencer Knight,30475,Confirmed,2026-10-03T19:12:42.155Z,Knight will start in Buffalo on Saturday.,Vinnie Parise,190,1.5,0.889,4.0
2026-10-03,2026-10-04T01:31:43.736370+00:00,CHI,BUF,2026-10-03T23:00:00.000Z,BUF,home,Ukko-Pekka Luukkonen,4783,Confirmed,2026-10-03T22:30:29.769Z,Luukkonen will start vs. Chicago on Saturday.,Matthew Fairburn,-230,1.5,0.773,5.0
2026-10-03,2026-10-04T01:31:43.736370+00:00,UTA,CBJ,2026-10-03T23:00:00.000Z,UTA,away,Sebastian Cossa,34654,Confirmed,2026-10-03T22:31:30.550Z,Cossa will start in Columbus on Saturday.,Catherine Bogart,-112,1.5,0.0,0.0
2026-10-03,2026-10-04T01:31:43.736370+00:00,UTA,CBJ,2026-10-03T23:00:00.000Z,CBJ,home,Jet Greaves,29751,Confirmed,2026-10-03T22:47:05.694Z,Greaves will start vs. Utah on Saturday.,NHL.com,-108,1.5,0.885,3.0
2026-10-03,2026-10-04T01:31:43.736370+00:00,MTL,PIT,2026-10-03T23:00:00.000Z,MTL,away,Jakub Dobes,31895,Confirmed,2026-10-03T16:01:10.562Z,Dobes will start in Pittsburgh on Saturday.,Montreal Canadiens,-130,1.5,0.929,2.0
2026-10-03,2026-10-04T01:31:43.736370+00:00,MTL,PIT,2026-10-03T23:00:00.000Z,PIT,home,Arturs Silovs,31270,Confirmed,2026-10-03T15:28:45.515Z,Silovs will start vs. Montreal on Saturday.,Michelle Crechiolo,110,1.5,1.0,0.0
2026-10-03,2026-10-04T01:31:43.736370+00:00,SEA,EDM,2026-10-03T23:00:00.000Z,SEA,away,Philipp Grubauer,2065,Confirmed,2026-10-03T22:38:53.198Z,Grubauer will start in Edmonton on Saturday.,Sound of Hockey,170,1.5,0.0,0.0
2026-10-03,2026-10-04T01:31:43.736370+00:00,SEA,EDM,2026-10-03T23:00:00.000Z,EDM,home,Devon Levi,33010,Confirmed,2026-10-03T22:38:17.723Z,Levi will start vs. Seattle on Saturday.,Bob Stauffer,-205,1.5,0.682,7.0
2026-10-03,2026-10-04T01:31:43.736370+00:00,WSH,TBL,2026-10-03T23:00:00.000Z,WSH,away,Charlie Lindgren,2615,Confirmed,2026-10-01T16:08:52.463Z,Lindgren will start in Tampa Bay on Saturday.,Sammi Silber,130,1.5,0.0,0.0
2026-10-03,2026-10-04T01:31:43.736370+00:00,WSH,TBL,2026-10-03T23:00:00.000Z,TBL,home,Andrei Vasilevskiy,2413,Confirmed,2026-10-03T22:29:53.078Z,Vasilevskiy will start vs. Washington on Saturday.,Benjamin Pierce,-155,1.5,0.833,4.29
2026-10-03,2026-10-04T01:31:43.736370+00:00,CAR,PHI,2026-10-03T23:00:00.000Z,CAR,away,Pyotr Kochetkov,30486,Confirmed,2026-10-03T20:57:25.497Z,Kochetkov will start in Philadelphia on Saturday.,Walt Ruff,-130,1.5,0.0,0.0
2026-10-03,2026-10-04T01:31:43.736370+00:00,CAR,PHI,2026-10-03T23:00:00.000Z,PHI,home,Joseph Woll,27288,Confirmed,2026-10-03T15:29:35.710Z,Woll will start vs. Carolina on Saturday.,Jordan Hall,110,1.5,0.932,2.86
2026-10-03,2026-10-04T01:31:43.736370+00:00,OTT,TOR,2026-10-03T23:00:00.000Z,OTT,away,Linus Ullmark,2534,Confirmed,2026-10-03T22:59:52.391Z,Ullmark will start Saturday in Toronto.,NHL.com,105,1.5,0.0,0.0
2026-10-03,2026-10-04T01:31:43.736370+00:00,OTT,TOR,2026-10-03T23:00:00.000Z,TOR,home,Sergei Bobrovsky,1117,Confirmed,2026-10-03T22:46:05.089Z,Bobrovsky will start vs. Ottawa on Saturday.,David Alter,-125,1.5,0.875,3.05
2026-10-03,2026-10-04T01:31:43.736370+00:00,NJD,NYI,2026-10-03T23:30:00.000Z,NJD,away,Nico Daws,29186,Confirmed,2026-10-03T15:49:56.245Z,Daws will start vs. NYI on Saturday.,Amanda Stein,-130,1.5,0.0,0.0
2026-10-03,2026-10-04T01:31:43.736370+00:00,NJD,NYI,2026-10-03T23:30:00.000Z,NYI,home,Ilya Sorokin,25264,Confirmed,2026-10-02T16:23:49.412Z,Sorokin will start Saturday vs. the Devils.,Stefen Rosner,110,1.5,0.923,2.07
2026-10-03,2026-10-04T01:31:43.736370+00:00,DAL,NSH,2026-10-04T00:00:00.000Z,DAL,away,Casey DeSmith,2572,Confirmed,2026-10-03T17:59:09.661Z,DeSmith will start in Nashville on Saturday.,Mike Heika,-135,1.5,0.0,0.0
2026-10-03,2026-10-04T01:31:43.736370+00:00,DAL,NSH,2026-10-04T00:00:00.000Z,NSH,home,Juuse Saros,2557,Confirmed,2026-10-03T23:30:06.869Z,Saros will start vs. Dallas on Saturday.,Brooks Bratten,114,1.5,0.9,3.05
2026-10-03,2026-10-04T01:31:43.736370+00:00,BOS,MIN,2026-10-04T00:00:00.000Z,BOS,away,Michael DiPietro,4771,Confirmed,2026-10-03T22:50:23.742Z,DiPietro will start in Minnesota on Saturday.,Adam Pellerin,150,1.5,0.0,0.0
2026-10-03,2026-10-04T01:31:43.736370+00:00,BOS,MIN,2026-10-04T00:00:00.000Z,MIN,home,Jesper Wallstedt,31763,Confirmed,2026-10-03T15:59:48.217Z,Wallstedt will start vs. Boston on Saturday.,Joe O'Donnell,-180,1.5,0.95,1.0
2026-10-03,2026-10-04T01:31:43.736370+00:00,STL,COL,2026-10-04T01:00:00.000Z,STL,away,Jordan Binnington,1984,Confirmed,2026-10-03T23:54:36.068Z,Binnington will start in Colorado on Saturday.,Chris Pinkert,240,1.5,0.0,0.0
2026-10-03,2026-10-04T01:31:43.736370+00:00,STL,COL,2026-10-04T01:00:00.000Z,COL,home,Mackenzie Blackwood,3792,Confirmed,2026-10-04T00:30:29.828Z,Blackwood will start vs. St. Louis on Saturday.,Bailey Curtis,-298,1.5,0.871,4.0
2026-10-03,2026-10-04T01:31:43.736370+00:00,LAK,SJS,2026-10-04T02:00:00.000Z,LAK,away,Anton Forsberg,2394,Likely,2026-10-03T18:14:16.572Z,Forsberg is expected to start in San Jose on Saturday.,Zach Dooley,-105,1.5,0.0,0.0
2026-10-03,2026-10-04T01:31:43.736370+00:00,LAK,SJS,2026-10-04T02:00:00.000Z,SJS,home,Yaroslav Askarov,33018,Confirmed,2026-10-03T18:11:47.175Z,Askarov will start vs. Los Angeles on Saturday.,Sheng Peng,-115,1.5,0.885,2.81
2026-10-03,2026-10-04T01:31:43.736370+00:00,CGY,VAN,2026-10-04T02:00:00.000Z,CGY,away,Devin Cooley,32944,Confirmed,2026-10-03T18:44:11.205Z,Cooley will start in Vancouver on Saturday.,Eric Francis,-110,1.5,0.0,0.0
2026-10-03,2026-10-04T01:31:43.736370+00:00,CGY,VAN,2026-10-04T02:00:00.000Z,VAN,home,Leevi Merilainen,34600,Likely,2026-10-03T17:24:35.230Z,Merilainen is expected to start vs. Calgary on Saturday.,Brendan Batchelor,-110,1.5,0.0,0.0
2026-10-03,2026-10-04T01:46:45.922082+00:00,CHI,BUF,2026-10-03T23:00:00.000Z,CHI,away,Spencer Knight,30475,Confirmed,2026-10-03T19:12:42.155Z,Knight will start in Buffalo on Saturday.,Vinnie Parise,190,1.5,0.889,4.0
2026-10-03,2026-10-04T01:46:45.922082+00:00,CHI,BUF,2026-10-03T23:00:00.000Z,BUF,home,Ukko-Pekka Luukkonen,4783,Confirmed,2026-10-03T22:30:29.769Z,Luukkonen will start vs. Chicago on Saturday.,Matthew Fairburn,-230,1.5,0.773,5.0
2026-10-03,2026-10-04T01:46:45.922082+00:00,UTA,CBJ,2026-10-03T23:00:00.000Z,UTA,away,Sebastian Cossa,34654,Confirmed,2026-10-03T22:31:30.550Z,Cossa will start in Columbus on Saturday.,Catherine Bogart,-112,1.5,0.0,0.0
2026-10-03,2026-10-04T01:46:45.922082+00:00,UTA,CBJ,2026-10-03T23:00:00.000Z,CBJ,home,Jet Greaves,29751,Confirmed,2026-10-03T22:47:05.694Z,Greaves will start vs. Utah on Saturday.,NHL.com,-108,1.5,0.885,3.0
2026-10-03,2026-10-04T01:46:45.922082+00:00,MTL,PIT,2026-10-03T23:00:00.000Z,MTL,away,Jakub Dobes,31895,Confirmed,2026-10-03T16:01:10.562Z,Dobes will start in Pittsburgh on Saturday.,Montreal Canadiens,-130,1.5,0.929,2.0
2026-10-03,2026-10-04T01:46:45.922082+00:00,MTL,PIT,2026-10-03T23:00:00.000Z,PIT,home,Arturs Silovs,31270,Confirmed,2026-10-03T15:28:45.515Z,Silovs will start vs. Montreal on Saturday.,Michelle Crechiolo,110,1.5,1.0,0.0
2026-10-03,2026-10-04T01:46:45.922082+00:00,SEA,EDM,2026-10-03T23:00:00.000Z,SEA,away,Philipp Grubauer,2065,Confirmed,2026-10-03T22:38:53.198Z,Grubauer will start in Edmonton on Saturday.,Sound of Hockey,170,1.5,0.0,0.0
2026-10-03,2026-10-04T01:46:45.922082+00:00,SEA,EDM,2026-10-03T23:00:00.000Z,EDM,home,Devon Levi,33010,Confirmed,2026-10-03T22:38:17.723Z,Levi will start vs. Seattle on Saturday.,Bob Stauffer,-205,1.5,0.682,7.0
2026-10-03,2026-10-04T01:46:45.922082+00:00,WSH,TBL,2026-10-03T23:00:00.000Z,WSH,away,Charlie Lindgren,2615,Confirmed,2026-10-01T16:08:52.463Z,Lindgren will start in Tampa Bay on Saturday.,Sammi Silber,130,1.5,0.0,0.0
2026-10-03,2026-10-04T01:46:45.922082+00:00,WSH,TBL,2026-10-03T23:00:00.000Z,TBL,home,Andrei Vasilevskiy,2413,Confirmed,2026-10-03T22:29:53.078Z,Vasilevskiy will start vs. Washington on Saturday.,Benjamin Pierce,-155,1.5,0.833,4.29
2026-10-03,2026-10-04T01:46:45.922082+00:00,CAR,PHI,2026-10-03T23:00:00.000Z,CAR,away,Pyotr Kochetkov,30486,Confirmed,2026-10-03T20:57:25.497Z,Kochetkov will start in Philadelphia on Saturday.,Walt Ruff,-130,1.5,0.0,0.0
2026-10-03,2026-10-04T01:46:45.922082+00:00,CAR,PHI,2026-10-03T23:00:00.000Z,PHI,home,Joseph Woll,27288,Confirmed,2026-10-03T15:29:35.710Z,Woll will start vs. Carolina on Saturday.,Jordan Hall,110,1.5,0.932,2.86
2026-10-03,2026-10-04T01:46:45.922082+00:00,OTT,TOR,2026-10-03T23:00:00.000Z,OTT,away,Linus Ullmark,2534,Confirmed,2026-10-03T22:59:52.391Z,Ullmark will start Saturday in Toronto.,NHL.com,105,1.5,0.0,0.0
2026-10-03,2026-10-04T01:46:45.922082+00:00,OTT,TOR,2026-10-03T23:00:00.000Z,TOR,home,Sergei Bobrovsky,1117,Confirmed,2026-10-03T22:46:05.089Z,Bobrovsky will start vs. Ottawa on Saturday.,David Alter,-125,1.5,0.875,3.05
2026-10-03,2026-10-04T01:46:45.922082+00:00,NJD,NYI,2026-10-03T23:30:00.000Z,NJD,away,Nico Daws,29186,Confirmed,2026-10-03T15:49:56.245Z,Daws will start vs. NYI on Saturday.,Amanda Stein,-130,1.5,0.0,0.0
2026-10-03,2026-10-04T01:46:45.922082+00:00,NJD,NYI,2026-10-03T23:30:00.000Z,NYI,home,Ilya Sorokin,25264,Confirmed,2026-10-02T16:23:49.412Z,Sorokin will start Saturday vs. the Devils.,Stefen Rosner,110,1.5,0.923,2.07
2026-10-03,2026-10-04T01:46:45.922082+00:00,DAL,NSH,2026-10-04T00:00:00.000Z,DAL,away,Casey DeSmith,2572,Confirmed,2026-10-03T17:59:09.661Z,DeSmith will start in Nashville on Saturday.,Mike Heika,-135,1.5,0.0,0.0
2026-10-03,2026-10-04T01:46:45.922082+00:00,DAL,NSH,2026-10-04T00:00:00.000Z,NSH,home,Juuse Saros,2557,Confirmed,2026-10-03T23:30:06.869Z,Saros will start vs. Dallas on Saturday.,Brooks Bratten,114,1.5,0.9,3.05
2026-10-03,2026-10-04T01:46:45.922082+00:00,BOS,MIN,2026-10-04T00:00:00.000Z,BOS,away,Michael DiPietro,4771,Confirmed,2026-10-03T22:50:23.742Z,DiPietro will start in Minnesota on Saturday.,Adam Pellerin,150,1.5,0.0,0.0
2026-10-03,2026-10-04T01:46:45.922082+00:00,BOS,MIN,2026-10-04T00:00:00.000Z,MIN,home,Jesper Wallstedt,31763,Confirmed,2026-10-03T15:59:48.217Z,Wallstedt will start vs. Boston on Saturday.,Joe O'Donnell,-180,1.5,0.95,1.0
2026-10-03,2026-10-04T01:46:45.922082+00:00,STL,COL,2026-10-04T01:00:00.000Z,STL,away,Jordan Binnington,1984,Confirmed,2026-10-03T23:54:36.068Z,Binnington will start in Colorado on Saturday.,Chris Pinkert,240,1.5,0.0,0.0
2026-10-03,2026-10-04T01:46:45.922082+00:00,STL,COL,2026-10-04T01:00:00.000Z,COL,home,Mackenzie Blackwood,3792,Confirmed,2026-10-04T00:30:29.828Z,Blackwood will start vs. St. Louis on Saturday.,Bailey Curtis,-298,1.5,0.871,4.0
2026-10-03,2026-10-04T01:46:45.922082+00:00,LAK,SJS,2026-10-04T02:00:00.000Z,LAK,away,Anton Forsberg,2394,Confirmed,2026-10-04T01:31:34.142Z,Forsberg will start in San Jose on Saturday.,Zach Dooley,-105,1.5,0.0,0.0
2026-10-03,2026-10-04T01:46:45.922082+00:00,LAK,SJS,2026-10-04T02:00:00.000Z,SJS,home,Yaroslav Askarov,33018,Confirmed,2026-10-03T18:11:47.175Z,Askarov will start vs. Los Angeles on Saturday.,Sheng Peng,-115,1.5,0.885,2.81
2026-10-03,2026-10-04T01:46:45.922082+00:00,CGY,VAN,2026-10-04T02:00:00.000Z,CGY,away,Devin Cooley,32944,Confirmed,2026-10-03T18:44:11.205Z,Cooley will start in Vancouver on Saturday.,Eric Francis,-110,1.5,0.0,0.0
2026-10-03,2026-10-04T01:46:45.922082+00:00,CGY,VAN,2026-10-04T02:00:00.000Z,VAN,home,Leevi Merilainen,34600,Confirmed,2026-10-04T01:33:26.300Z,Merilainen will start vs. Calgary on Saturday.,Brendan Batchelor,-110,1.5,0.0,0.0
2026-10-03,2026-10-04T02:01:48.080203+00:00,CHI,BUF,2026-10-03T23:00:00.000Z,CHI,away,Spencer Knight,30475,Confirmed,2026-10-03T19:12:42.155Z,Knight will start in Buffalo on Saturday.,Vinnie Parise,190,1.5,0.889,4.0
2026-10-03,2026-10-04T02:01:48.080203+00:00,CHI,BUF,2026-10-03T23:00:00.000Z,BUF,home,Ukko-Pekka Luukkonen,4783,Confirmed,2026-10-03T22:30:29.769Z,Luukkonen will start vs. Chicago on Saturday.,Matthew Fairburn,-230,1.5,0.773,5.0
2026-10-03,2026-10-04T02:01:48.080203+00:00,UTA,CBJ,2026-10-03T23:00:00.000Z,UTA,away,Sebastian Cossa,34654,Confirmed,2026-10-03T22:31:30.550Z,Cossa will start in Columbus on Saturday.,Catherine Bogart,-112,1.5,0.0,0.0
2026-10-03,2026-10-04T02:01:48.080203+00:00,UTA,CBJ,2026-10-03T23:00:00.000Z,CBJ,home,Jet Greaves,29751,Confirmed,2026-10-03T22:47:05.694Z,Greaves will start vs. Utah on Saturday.,NHL.com,-108,1.5,0.885,3.0
2026-10-03,2026-10-04T02:01:48.080203+00:00,MTL,PIT,2026-10-03T23:00:00.000Z,MTL,away,Jakub Dobes,31895,Confirmed,2026-10-03T16:01:10.562Z,Dobes will start in Pittsburgh on Saturday.,Montreal Canadiens,-130,1.5,0.929,2.0
2026-10-03,2026-10-04T02:01:48.080203+00:00,MTL,PIT,2026-10-03T23:00:00.000Z,PIT,home,Arturs Silovs,31270,Confirmed,2026-10-03T15:28:45.515Z,Silovs will start vs. Montreal on Saturday.,Michelle Crechiolo,110,1.5,1.0,0.0
2026-10-03,2026-10-04T02:01:48.080203+00:00,SEA,EDM,2026-10-03T23:00:00.000Z,SEA,away,Philipp Grubauer,2065,Confirmed,2026-10-03T22:38:53.198Z,Grubauer will start in Edmonton on Saturday.,Sound of Hockey,170,1.5,0.0,0.0
2026-10-03,2026-10-04T02:01:48.080203+00:00,SEA,EDM,2026-10-03T23:00:00.000Z,EDM,home,Devon Levi,33010,Confirmed,2026-10-03T22:38:17.723Z,Levi will start vs. Seattle on Saturday.,Bob Stauffer,-205,1.5,0.682,7.0
2026-10-03,2026-10-04T02:01:48.080203+00:00,WSH,TBL,2026-10-03T23:00:00.000Z,WSH,away,Charlie Lindgren,2615,Confirmed,2026-10-01T16:08:52.463Z,Lindgren will start in Tampa Bay on Saturday.,Sammi Silber,130,1.5,0.0,0.0
2026-10-03,2026-10-04T02:01:48.080203+00:00,WSH,TBL,2026-10-03T23:00:00.000Z,TBL,home,Andrei Vasilevskiy,2413,Confirmed,2026-10-03T22:29:53.078Z,Vasilevskiy will start vs. Washington on Saturday.,Benjamin Pierce,-155,1.5,0.833,4.29
2026-10-03,2026-10-04T02:01:48.080203+00:00,CAR,PHI,2026-10-03T23:00:00.000Z,CAR,away,Pyotr Kochetkov,30486,Confirmed,2026-10-03T20:57:25.497Z,Kochetkov will start in Philadelphia on Saturday.,Walt Ruff,-130,1.5,0.0,0.0
2026-10-03,2026-10-04T02:01:48.080203+00:00,CAR,PHI,2026-10-03T23:00:00.000Z,PHI,home,Joseph Woll,27288,Confirmed,2026-10-03T15:29:35.710Z,Woll will start vs. Carolina on Saturday.,Jordan Hall,110,1.5,0.932,2.86
2026-10-03,2026-10-04T02:01:48.080203+00:00,OTT,TOR,2026-10-03T23:00:00.000Z,OTT,away,Linus Ullmark,2534,Confirmed,2026-10-03T22:59:52.391Z,Ullmark will start Saturday in Toronto.,NHL.com,105,1.5,0.0,0.0
2026-10-03,2026-10-04T02:01:48.080203+00:00,OTT,TOR,2026-10-03T23:00:00.000Z,TOR,home,Sergei Bobrovsky,1117,Confirmed,2026-10-03T22:46:05.089Z,Bobrovsky will start vs. Ottawa on Saturday.,David Alter,-125,1.5,0.875,3.05
2026-10-03,2026-10-04T02:01:48.080203+00:00,NJD,NYI,2026-10-03T23:30:00.000Z,NJD,away,Nico Daws,29186,Confirmed,2026-10-03T15:49:56.245Z,Daws will start vs. NYI on Saturday.,Amanda Stein,-130,1.5,0.0,0.0
2026-10-03,2026-10-04T02:01:48.080203+00:00,NJD,NYI,2026-10-03T23:30:00.000Z,NYI,home,Ilya Sorokin,25264,Confirmed,2026-10-02T16:23:49.412Z,Sorokin will start Saturday vs. the Devils.,Stefen Rosner,110,1.5,0.923,2.07
2026-10-03,2026-10-04T02:01:48.080203+00:00,DAL,NSH,2026-10-04T00:00:00.000Z,DAL,away,Casey DeSmith,2572,Confirmed,2026-10-03T17:59:09.661Z,DeSmith will start in Nashville on Saturday.,Mike Heika,-135,1.5,0.0,0.0
2026-10-03,2026-10-04T02:01:48.080203+00:00,DAL,NSH,2026-10-04T00:00:00.000Z,NSH,home,Juuse Saros,2557,Confirmed,2026-10-03T23:30:06.869Z,Saros will start vs. Dallas on Saturday.,Brooks Bratten,114,1.5,0.9,3.05
2026-10-03,2026-10-04T02:01:48.080203+00:00,BOS,MIN,2026-10-04T00:00:00.000Z,BOS,away,Michael DiPietro,4771,Confirmed,2026-10-03T22:50:23.742Z,DiPietro will start in Minnesota on Saturday.,Adam Pellerin,150,1.5,0.0,0.0
2026-10-03,2026-10-04T02:01:48.080203+00:00,BOS,MIN,2026-10-04T00:00:00.000Z,MIN,home,Jesper Wallstedt,31763,Confirmed,2026-10-03T15:59:48.217Z,Wallstedt will start vs. Boston on Saturday.,Joe O'Donnell,-180,1.5,0.95,1.0
2026-10-03,2026-10-04T02:01:48.080203+00:00,STL,COL,2026-10-04T01:00:00.000Z,STL,away,Jordan Binnington,1984,Confirmed,2026-10-03T23:54:36.068Z,Binnington will start in Colorado on Saturday.,Chris Pinkert,240,1.5,0.0,0.0
2026-10-03,2026-10-04T02:01:48.080203+00:00,STL,COL,2026-10-04T01:00:00.000Z,COL,home,Mackenzie Blackwood,3792,Confirmed,2026-10-04T00:30:29.828Z,Blackwood will start vs. St. Louis on Saturday.,Bailey Curtis,-298,1.5,0.871,4.0
2026-10-03,2026-10-04T02:01:48.080203+00:00,LAK,SJS,2026-10-04T02:00:00.000Z,LAK,away,Anton Forsberg,2394,Confirmed,2026-10-04T01:31:34.142Z,Forsberg will start in San Jose on Saturday.,Zach Dooley,-105,1.5,0.0,0.0
2026-10-03,2026-10-04T02:01:48.080203+00:00,LAK,SJS,2026-10-04T02:00:00.000Z,SJS,home,Yaroslav Askarov,33018,Confirmed,2026-10-03T18:11:47.175Z,Askarov will start vs. Los Angeles on Saturday.,Sheng Peng,-115,1.5,0.885,2.81
2026-10-03,2026-10-04T02:01:48.080203+00:00,CGY,VAN,2026-10-04T02:00:00.000Z,CGY,away,Devin Cooley,32944,Confirmed,2026-10-03T18:44:11.205Z,Cooley will start in Vancouver on Saturday.,Eric Francis,-110,1.5,0.0,0.0
2026-10-03,2026-10-04T02:01:48.080203+00:00,CGY,VAN,2026-10-04T02:00:00.000Z,VAN,home,Leevi Merilainen,34600,Confirmed,2026-10-04T01:33:26.300Z,Merilainen will start vs. Calgary on Saturday.,Brendan Batchelor,-110,1.5,0.0,0.0
2026-10-03,2026-10-04T02:16:50.058833+00:00,CHI,BUF,2026-10-03T23:00:00.000Z,CHI,away,Spencer Knight,30475,Confirmed,2026-10-03T19:12:42.155Z,Knight will start in Buffalo on Saturday.,Vinnie Parise,190,1.5,0.889,4.0
2026-10-03,2026-10-04T02:16:50.058833+00:00,CHI,BUF,2026-10-03T23:00:00.000Z,BUF,home,Ukko-Pekka Luukkonen,4783,Confirmed,2026-10-03T22:30:29.769Z,Luukkonen will start vs. Chicago on Saturday.,Matthew Fairburn,-230,1.5,0.773,5.0
2026-10-03,2026-10-04T02:16:50.058833+00:00,UTA,CBJ,2026-10-03T23:00:00.000Z,UTA,away,Sebastian Cossa,34654,Confirmed,2026-10-03T22:31:30.550Z,Cossa will start in Columbus on Saturday.,Catherine Bogart,-112,1.5,0.0,0.0
2026-10-03,2026-10-04T02:16:50.058833+00:00,UTA,CBJ,2026-10-03T23:00:00.000Z,CBJ,home,Jet Greaves,29751,Confirmed,2026-10-03T22:47:05.694Z,Greaves will start vs. Utah on Saturday.,NHL.com,-108,1.5,0.885,3.0
2026-10-03,2026-10-04T02:16:50.058833+00:00,MTL,PIT,2026-10-03T23:00:00.000Z,MTL,away,Jakub Dobes,31895,Confirmed,2026-10-03T16:01:10.562Z,Dobes will start in Pittsburgh on Saturday.,Montreal Canadiens,-130,1.5,0.929,2.0
2026-10-03,2026-10-04T02:16:50.058833+00:00,MTL,PIT,2026-10-03T23:00:00.000Z,PIT,home,Arturs Silovs,31270,Confirmed,2026-10-03T15:28:45.515Z,Silovs will start vs. Montreal on Saturday.,Michelle Crechiolo,110,1.5,1.0,0.0
2026-10-03,2026-10-04T02:16:50.058833+00:00,SEA,EDM,2026-10-03T23:00:00.000Z,SEA,away,Philipp Grubauer,2065,Confirmed,2026-10-03T22:38:53.198Z,Grubauer will start in Edmonton on Saturday.,Sound of Hockey,170,1.5,0.0,0.0
2026-10-03,2026-10-04T02:16:50.058833+00:00,SEA,EDM,2026-10-03T23:00:00.000Z,EDM,home,Devon Levi,33010,Confirmed,2026-10-03T22:38:17.723Z,Levi will start vs. Seattle on Saturday.,Bob Stauffer,-205,1.5,0.682,7.0
2026-10-03,2026-10-04T02:16:50.058833+00:00,WSH,TBL,2026-10-03T23:00:00.000Z,WSH,away,Charlie Lindgren,2615,Confirmed,2026-10-01T16:08:52.463Z,Lindgren will start in Tampa Bay on Saturday.,Sammi Silber,130,1.5,0.0,0.0
2026-10-03,2026-10-04T02:16:50.058833+00:00,WSH,TBL,2026-10-03T23:00:00.000Z,TBL,home,Andrei Vasilevskiy,2413,Confirmed,2026-10-03T22:29:53.078Z,Vasilevskiy will start vs. Washington on Saturday.,Benjamin Pierce,-155,1.5,0.833,4.29
2026-10-03,2026-10-04T02:16:50.058833+00:00,CAR,PHI,2026-10-03T23:00:00.000Z,CAR,away,Pyotr Kochetkov,30486,Confirmed,2026-10-03T20:57:25.497Z,Kochetkov will start in Philadelphia on Saturday.,Walt Ruff,-130,1.5,0.0,0.0
2026-10-03,2026-10-04T02:16:50.058833+00:00,CAR,PHI,2026-10-03T23:00:00.000Z,PHI,home,Joseph Woll,27288,Confirmed,2026-10-03T15:29:35.710Z,Woll will start vs. Carolina on Saturday.,Jordan Hall,110,1.5,0.932,2.86
2026-10-03,2026-10-04T02:16:50.058833+00:00,OTT,TOR,2026-10-03T23:00:00.000Z,OTT,away,Linus Ullmark,2534,Confirmed,2026-10-03T22:59:52.391Z,Ullmark will start Saturday in Toronto.,NHL.com,105,1.5,0.0,0.0
2026-10-03,2026-10-04T02:16:50.058833+00:00,OTT,TOR,2026-10-03T23:00:00.000Z,TOR,home,Sergei Bobrovsky,1117,Confirmed,2026-10-03T22:46:05.089Z,Bobrovsky will start vs. Ottawa on Saturday.,David Alter,-125,1.5,0.875,3.05
2026-10-03,2026-10-04T02:16:50.058833+00:00,NJD,NYI,2026-10-03T23:30:00.000Z,NJD,away,Nico Daws,29186,Confirmed,2026-10-03T15:49:56.245Z,Daws will start vs. NYI on Saturday.,Amanda Stein,-130,1.5,0.0,0.0
2026-10-03,2026-10-04T02:16:50.058833+00:00,NJD,NYI,2026-10-03T23:30:00.000Z,NYI,home,Ilya Sorokin,25264,Confirmed,2026-10-02T16:23:49.412Z,Sorokin will start Saturday vs. the Devils.,Stefen Rosner,110,1.5,0.923,2.07
2026-10-03,2026-10-04T02:16:50.058833+00:00,DAL,NSH,2026-10-04T00:00:00.000Z,DAL,away,Casey DeSmith,2572,Confirmed,2026-10-03T17:59:09.661Z,DeSmith will start in Nashville on Saturday.,Mike Heika,-135,1.5,0.0,0.0
2026-10-03,2026-10-04T02:16:50.058833+00:00,DAL,NSH,2026-10-04T00:00:00.000Z,NSH,home,Juuse Saros,2557,Confirmed,2026-10-03T23:30:06.869Z,Saros will start vs. Dallas on Saturday.,Brooks Bratten,114,1.5,0.9,3.05
2026-10-03,2026-10-04T02:16:50.058833+00:00,BOS,MIN,2026-10-04T00:00:00.000Z,BOS,away,Michael DiPietro,4771,Confirmed,2026-10-03T22:50:23.742Z,DiPietro will start in Minnesota on Saturday.,Adam Pellerin,150,1.5,0.0,0.0
2026-10-03,2026-10-04T02:16:50.058833+00:00,BOS,MIN,2026-10-04T00:00:00.000Z,MIN,home,Jesper Wallstedt,31763,Confirmed,2026-10-03T15:59:48.217Z,Wallstedt will start vs. Boston on Saturday.,Joe O'Donnell,-180,1.5,0.95,1.0
2026-10-03,2026-10-04T02:16:50.058833+00:00,STL,COL,2026-10-04T01:00:00.000Z,STL,away,Jordan Binnington,1984,Confirmed,2026-10-03T23:54:36.068Z,Binnington will start in Colorado on Saturday.,Chris Pinkert,240,1.5,0.0,0.0
2026-10-03,2026-10-04T02:16:50.058833+00:00,STL,COL,2026-10-04T01:00:00.000Z,COL,home,Mackenzie Blackwood,3792,Confirmed,2026-10-04T00:30:29.828Z,Blackwood will start vs. St. Louis on Saturday.,Bailey Curtis,-298,1.5,0.871,4.0
2026-10-03,2026-10-04T02:16:50.058833+00:00,LAK,SJS,2026-10-04T02:00:00.000Z,LAK,away,Anton Forsberg,2394,Confirmed,2026-10-04T01:31:34.142Z,Forsberg will start in San Jose on Saturday.,Zach Dooley,-105,1.5,0.0,0.0
2026-10-03,2026-10-04T02:16:50.058833+00:00,LAK,SJS,2026-10-04T02:00:00.000Z,SJS,home,Yaroslav Askarov,33018,Confirmed,2026-10-03T18:11:47.175Z,Askarov will start vs. Los Angeles on Saturday.,Sheng Peng,-115,1.5,0.885,2.81
2026-10-03,2026-10-04T02:16:50.058833+00:00,CGY,VAN,2026-10-04T02:00:00.000Z,CGY,away,Devin Cooley,32944,Confirmed,2026-10-03T18:44:11.205Z,Cooley will start in Vancouver on Saturday.,Eric Francis,-110,1.5,0.0,0.0
2026-10-03,2026-10-04T02:16:50.058833+00:00,CGY,VAN,2026-10-04T02:00:00.000Z,VAN,home,Leevi Merilainen,34600,Confirmed,2026-10-04T01:33:26.300Z,Merilainen will start vs. Calgary on Saturday.,Brendan Batchelor,-110,1.5,0.0,0.0
2026-10-03,2026-10-04T02:31:51.911242+00:00,CHI,BUF,2026-10-03T23:00:00.000Z,CHI,away,Spencer Knight,30475,Confirmed,2026-10-03T19:12:42.155Z,Knight will start in Buffalo on Saturday.,Vinnie Parise,190,1.5,0.889,4.0
2026-10-03,2026-10-04T02:31:51.911242+00:00,CHI,BUF,2026-10-03T23:00:00.000Z,BUF,home,Ukko-Pekka Luukkonen,4783,Confirmed,2026-10-03T22:30:29.769Z,Luukkonen will start vs. Chicago on Saturday.,Matthew Fairburn,-230,1.5,0.773,5.0
2026-10-03,2026-10-04T02:31:51.911242+00:00,UTA,CBJ,2026-10-03T23:00:00.000Z,UTA,away,Sebastian Cossa,34654,Confirmed,2026-10-03T22:31:30.550Z,Cossa will start in Columbus on Saturday.,Catherine Bogart,-112,1.5,0.0,0.0
2026-10-03,2026-10-04T02:31:51.911242+00:00,UTA,CBJ,2026-10-03T23:00:00.000Z,CBJ,home,Jet Greaves,29751,Confirmed,2026-10-03T22:47:05.694Z,Greaves will start vs. Utah on Saturday.,NHL.com,-108,1.5,0.885,3.0
2026-10-03,2026-10-04T02:31:51.911242+00:00,MTL,PIT,2026-10-03T23:00:00.000Z,MTL,away,Jakub Dobes,31895,Confirmed,2026-10-03T16:01:10.562Z,Dobes will start in Pittsburgh on Saturday.,Montreal Canadiens,-130,1.5,0.929,2.0
2026-10-03,2026-10-04T02:31:51.911242+00:00,MTL,PIT,2026-10-03T23:00:00.000Z,PIT,home,Arturs Silovs,31270,Confirmed,2026-10-03T15:28:45.515Z,Silovs will start vs. Montreal on Saturday.,Michelle Crechiolo,110,1.5,1.0,0.0
2026-10-03,2026-10-04T02:31:51.911242+00:00,SEA,EDM,2026-10-03T23:00:00.000Z,SEA,away,Philipp Grubauer,2065,Confirmed,2026-10-03T22:38:53.198Z,Grubauer will start in Edmonton on Saturday.,Sound of Hockey,170,1.5,0.0,0.0
2026-10-03,2026-10-04T02:31:51.911242+00:00,SEA,EDM,2026-10-03T23:00:00.000Z,EDM,home,Devon Levi,33010,Confirmed,2026-10-03T22:38:17.723Z,Levi will start vs. Seattle on Saturday.,Bob Stauffer,-205,1.5,0.682,7.0
2026-10-03,2026-10-04T02:31:51.911242+00:00,WSH,TBL,2026-10-03T23:00:00.000Z,WSH,away,Charlie Lindgren,2615,Confirmed,2026-10-01T16:08:52.463Z,Lindgren will start in Tampa Bay on Saturday.,Sammi Silber,130,1.5,0.0,0.0
2026-10-03,2026-10-04T02:31:51.911242+00:00,WSH,TBL,2026-10-03T23:00:00.000Z,TBL,home,Andrei Vasilevskiy,2413,Confirmed,2026-10-03T22:29:53.078Z,Vasilevskiy will start vs. Washington on Saturday.,Benjamin Pierce,-155,1.5,0.833,4.29
2026-10-03,2026-10-04T02:31:51.911242+00:00,CAR,PHI,2026-10-03T23:00:00.000Z,CAR,away,Pyotr Kochetkov,30486,Confirmed,2026-10-03T20:57:25.497Z,Kochetkov will start in Philadelphia on Saturday.,Walt Ruff,-130,1.5,0.0,0.0
2026-10-03,2026-10-04T02:31:51.911242+00:00,CAR,PHI,2026-10-03T23:00:00.000Z,PHI,home,Joseph Woll,27288,Confirmed,2026-10-03T15:29:35.710Z,Woll will start vs. Carolina on Saturday.,Jordan Hall,110,1.5,0.932,2.86
2026-10-03,2026-10-04T02:31:51.911242+00:00,OTT,TOR,2026-10-03T23:00:00.000Z,OTT,away,Linus Ullmark,2534,Confirmed,2026-10-03T22:59:52.391Z,Ullmark will start Saturday in Toronto.,NHL.com,105,1.5,0.0,0.0
2026-10-03,2026-10-04T02:31:51.911242+00:00,OTT,TOR,2026-10-03T23:00:00.000Z,TOR,home,Sergei Bobrovsky,1117,Confirmed,2026-10-03T22:46:05.089Z,Bobrovsky will start vs. Ottawa on Saturday.,David Alter,-125,1.5,0.875,3.05
2026-10-03,2026-10-04T02:31:51.911242+00:00,NJD,NYI,2026-10-03T23:30:00.000Z,NJD,away,Nico Daws,29186,Confirmed,2026-10-03T15:49:56.245Z,Daws will start vs. NYI on Saturday.,Amanda Stein,-130,1.5,0.0,0.0
2026-10-03,2026-10-04T02:31:51.911242+00:00,NJD,NYI,2026-10-03T23:30:00.000Z,NYI,home,Ilya Sorokin,25264,Confirmed,2026-10-02T16:23:49.412Z,Sorokin will start Saturday vs. the Devils.,Stefen Rosner,110,1.5,0.923,2.07
2026-10-03,2026-10-04T02:31:51.911242+00:00,DAL,NSH,2026-10-04T00:00:00.000Z,DAL,away,Casey DeSmith,2572,Confirmed,2026-10-03T17:59:09.661Z,DeSmith will start in Nashville on Saturday.,Mike Heika,-135,1.5,0.0,0.0
2026-10-03,2026-10-04T02:31:51.911242+00:00,DAL,NSH,2026-10-04T00:00:00.000Z,NSH,home,Juuse Saros,2557,Confirmed,2026-10-03T23:30:06.869Z,Saros will start vs. Dallas on Saturday.,Brooks Bratten,114,1.5,0.9,3.05
2026-10-03,2026-10-04T02:31:51.911242+00:00,BOS,MIN,2026-10-04T00:00:00.000Z,BOS,away,Michael DiPietro,4771,Confirmed,2026-10-03T22:50:23.742Z,DiPietro will start in Minnesota on Saturday.,Adam Pellerin,150,1.5,0.0,0.0
2026-10-03,2026-10-04T02:31:51.911242+00:00,BOS,MIN,2026-10-04T00:00:00.000Z,MIN,home,Jesper Wallstedt,31763,Confirmed,2026-10-03T15:59:48.217Z,Wallstedt will start vs. Boston on Saturday.,Joe O'Donnell,-180,1.5,0.95,1.0
2026-10-03,2026-10-04T02:31:51.911242+00:00,STL,COL,2026-10-04T01:00:00.000Z,STL,away,Jordan Binnington,1984,Confirmed,2026-10-03T23:54:36.068Z,Binnington will start in Colorado on Saturday.,Chris Pinkert,240,1.5,0.0,0.0
2026-10-03,2026-10-04T02:31:51.911242+00:00,STL,COL,2026-10-04T01:00:00.000Z,COL,home,Mackenzie Blackwood,3792,Confirmed,2026-10-04T00:30:29.828Z,Blackwood will start vs. St. Louis on Saturday.,Bailey Curtis,-298,1.5,0.871,4.0
2026-10-03,2026-10-04T02:31:51.911242+00:00,LAK,SJS,2026-10-04T02:00:00.000Z,LAK,away,Anton Forsberg,2394,Confirmed,2026-10-04T01:31:34.142Z,Forsberg will start in San Jose on Saturday.,Zach Dooley,-105,1.5,0.0,0.0
2026-10-03,2026-10-04T02:31:51.911242+00:00,LAK,SJS,2026-10-04T02:00:00.000Z,SJS,home,Yaroslav Askarov,33018,Confirmed,2026-10-03T18:11:47.175Z,Askarov will start vs. Los Angeles on Saturday.,Sheng Peng,-115,1.5,0.885,2.81
2026-10-03,2026-10-04T02:31:51.911242+00:00,CGY,VAN,2026-10-04T02:00:00.000Z,CGY,away,Devin Cooley,32944,Confirmed,2026-10-03T18:44:11.205Z,Cooley will start in Vancouver on Saturday.,Eric Francis,-110,1.5,0.0,0.0
2026-10-03,2026-10-04T02:31:51.911242+00:00,CGY,VAN,2026-10-04T02:00:00.000Z,VAN,home,Leevi Merilainen,34600,Confirmed,2026-10-04T01:33:26.300Z,Merilainen will start vs. Calgary on Saturday.,Brendan Batchelor,-110,1.5,0.0,0.0
2026-10-03,2026-10-04T02:46:53.833099+00:00,CHI,BUF,2026-10-03T23:00:00.000Z,CHI,away,Spencer Knight,30475,Confirmed,2026-10-03T19:12:42.155Z,Knight will start in Buffalo on Saturday.,Vinnie Parise,190,1.5,0.889,4.0
2026-10-03,2026-10-04T02:46:53.833099+00:00,CHI,BUF,2026-10-03T23:00:00.000Z,BUF,home,Ukko-Pekka Luukkonen,4783,Confirmed,2026-10-03T22:30:29.769Z,Luukkonen will start vs. Chicago on Saturday.,Matthew Fairburn,-230,1.5,0.773,5.0
2026-10-03,2026-10-04T02:46:53.833099+00:00,UTA,CBJ,2026-10-03T23:00:00.000Z,UTA,away,Sebastian Cossa,34654,Confirmed,2026-10-03T22:31:30.550Z,Cossa will start in Columbus on Saturday.,Catherine Bogart,-112,1.5,0.0,0.0
2026-10-03,2026-10-04T02:46:53.833099+00:00,UTA,CBJ,2026-10-03T23:00:00.000Z,CBJ,home,Jet Greaves,29751,Confirmed,2026-10-03T22:47:05.694Z,Greaves will start vs. Utah on Saturday.,NHL.com,-108,1.5,0.885,3.0
2026-10-03,2026-10-04T02:46:53.833099+00:00,MTL,PIT,2026-10-03T23:00:00.000Z,MTL,away,Jakub Dobes,31895,Confirmed,2026-10-03T16:01:10.562Z,Dobes will start in Pittsburgh on Saturday.,Montreal Canadiens,-130,1.5,0.929,2.0
2026-10-03,2026-10-04T02:46:53.833099+00:00,MTL,PIT,2026-10-03T23:00:00.000Z,PIT,home,Arturs Silovs,31270,Confirmed,2026-10-03T15:28:45.515Z,Silovs will start vs. Montreal on Saturday.,Michelle Crechiolo,110,1.5,1.0,0.0
2026-10-03,2026-10-04T02:46:53.833099+00:00,SEA,EDM,2026-10-03T23:00:00.000Z,SEA,away,Philipp Grubauer,2065,Confirmed,2026-10-03T22:38:53.198Z,Grubauer will start in Edmonton on Saturday.,Sound of Hockey,170,1.5,0.0,0.0
2026-10-03,2026-10-04T02:46:53.833099+00:00,SEA,EDM,2026-10-03T23:00:00.000Z,EDM,home,Devon Levi,33010,Confirmed,2026-10-03T22:38:17.723Z,Levi will start vs. Seattle on Saturday.,Bob Stauffer,-205,1.5,0.682,7.0
2026-10-03,2026-10-04T02:46:53.833099+00:00,WSH,TBL,2026-10-03T23:00:00.000Z,WSH,away,Charlie Lindgren,2615,Confirmed,2026-10-01T16:08:52.463Z,Lindgren will start in Tampa Bay on Saturday.,Sammi Silber,130,1.5,0.0,0.0
2026-10-03,2026-10-04T02:46:53.833099+00:00,WSH,TBL,2026-10-03T23:00:00.000Z,TBL,home,Andrei Vasilevskiy,2413,Confirmed,2026-10-03T22:29:53.078Z,Vasilevskiy will start vs. Washington on Saturday.,Benjamin Pierce,-155,1.5,0.833,4.29
2026-10-03,2026-10-04T02:46:53.833099+00:00,CAR,PHI,2026-10-03T23:00:00.000Z,CAR,away,Pyotr Kochetkov,30486,Confirmed,2026-10-03T20:57:25.497Z,Kochetkov will start in Philadelphia on Saturday.,Walt Ruff,-130,1.5,0.0,0.0
2026-10-03,2026-10-04T02:46:53.833099+00:00,CAR,PHI,2026-10-03T23:00:00.000Z,PHI,home,Joseph Woll,27288,Confirmed,2026-10-03T15:29:35.710Z,Woll will start vs. Carolina on Saturday.,Jordan Hall,110,1.5,0.932,2.86
2026-10-03,2026-10-04T02:46:53.833099+00:00,OTT,TOR,2026-10-03T23:00:00.000Z,OTT,away,Linus Ullmark,2534,Confirmed,2026-10-03T22:59:52.391Z,Ullmark will start Saturday in Toronto.,NHL.com,105,1.5,0.0,0.0
2026-10-03,2026-10-04T02:46:53.833099+00:00,OTT,TOR,2026-10-03T23:00:00.000Z,TOR,home,Sergei Bobrovsky,1117,Confirmed,2026-10-03T22:46:05.089Z,Bobrovsky will start vs. Ottawa on Saturday.,David Alter,-125,1.5,0.875,3.05
2026-10-03,2026-10-04T02:46:53.833099+00:00,NJD,NYI,2026-10-03T23:30:00.000Z,NJD,away,Nico Daws,29186,Confirmed,2026-10-03T15:49:56.245Z,Daws will start vs. NYI on Saturday.,Amanda Stein,-130,1.5,0.0,0.0
2026-10-03,2026-10-04T02:46:53.833099+00:00,NJD,NYI,2026-10-03T23:30:00.000Z,NYI,home,Ilya Sorokin,25264,Confirmed,2026-10-02T16:23:49.412Z,Sorokin will start Saturday vs. the Devils.,Stefen Rosner,110,1.5,0.923,2.07
2026-10-03,2026-10-04T02:46:53.833099+00:00,DAL,NSH,2026-10-04T00:00:00.000Z,DAL,away,Casey DeSmith,2572,Confirmed,2026-10-03T17:59:09.661Z,DeSmith will start in Nashville on Saturday.,Mike Heika,-135,1.5,0.0,0.0
2026-10-03,2026-10-04T02:46:53.833099+00:00,DAL,NSH,2026-10-04T00:00:00.000Z,NSH,home,Juuse Saros,2557,Confirmed,2026-10-03T23:30:06.869Z,Saros will start vs. Dallas on Saturday.,Brooks Bratten,114,1.5,0.9,3.05
2026-10-03,2026-10-04T02:46:53.833099+00:00,BOS,MIN,2026-10-04T00:00:00.000Z,BOS,away,Michael DiPietro,4771,Confirmed,2026-10-03T22:50:23.742Z,DiPietro will start in Minnesota on Saturday.,Adam Pellerin,150,1.5,0.0,0.0
2026-10-03,2026-10-04T02:46:53.833099+00:00,BOS,MIN,2026-10-04T00:00:00.000Z,MIN,home,Jesper Wallstedt,31763,Confirmed,2026-10-03T15:59:48.217Z,Wallstedt will start vs. Boston on Saturday.,Joe O'Donnell,-180,1.5,0.95,1.0
2026-10-03,2026-10-04T02:46:53.833099+00:00,STL,COL,2026-10-04T01:00:00.000Z,STL,away,Jordan Binnington,1984,Confirmed,2026-10-03T23:54:36.068Z,Binnington will start in Colorado on Saturday.,Chris Pinkert,240,1.5,0.0,0.0
2026-10-03,2026-10-04T02:46:53.833099+00:00,STL,COL,2026-10-04T01:00:00.000Z,COL,home,Mackenzie Blackwood,3792,Confirmed,2026-10-04T00:30:29.828Z,Blackwood will start vs. St. Louis on Saturday.,Bailey Curtis,-298,1.5,0.871,4.0
2026-10-03,2026-10-04T02:46:53.833099+00:00,LAK,SJS,2026-10-04T02:00:00.000Z,LAK,away,Anton Forsberg,2394,Confirmed,2026-10-04T01:31:34.142Z,Forsberg will start in San Jose on Saturday.,Zach Dooley,-105,1.5,0.0,0.0
2026-10-03,2026-10-04T02:46:53.833099+00:00,LAK,SJS,2026-10-04T02:00:00.000Z,SJS,home,Yaroslav Askarov,33018,Confirmed,2026-10-03T18:11:47.175Z,Askarov will start vs. Los Angeles on Saturday.,Sheng Peng,-115,1.5,0.885,2.81
2026-10-03,2026-10-04T02:46:53.833099+00:00,CGY,VAN,2026-10-04T02:00:00.000Z,CGY,away,Devin Cooley,32944,Confirmed,2026-10-03T18:44:11.205Z,Cooley will start in Vancouver on Saturday.,Eric Francis,-110,1.5,0.0,0.0
2026-10-03,2026-10-04T02:46:53.833099+00:00,CGY,VAN,2026-10-04T02:00:00.000Z,VAN,home,Leevi Merilainen,34600,Confirmed,2026-10-04T01:33:26.300Z,Merilainen will start vs. Calgary on Saturday.,Brendan Batchelor,-110,1.5,0.0,0.0
2026-10-03,2026-10-04T03:01:55.855566+00:00,CHI,BUF,2026-10-03T23:00:00.000Z,CHI,away,Spencer Knight,30475,Confirmed,2026-10-03T19:12:42.155Z,Knight will start in Buffalo on Saturday.,Vinnie Parise,190,1.5,0.889,4.0
2026-10-03,2026-10-04T03:01:55.855566+00:00,CHI,BUF,2026-10-03T23:00:00.000Z,BUF,home,Ukko-Pekka Luukkonen,4783,Confirmed,2026-10-03T22:30:29.769Z,Luukkonen will start vs. Chicago on Saturday.,Matthew Fairburn,-230,1.5,0.773,5.0
2026-10-03,2026-10-04T03:01:55.855566+00:00,UTA,CBJ,2026-10-03T23:00:00.000Z,UTA,away,Sebastian Cossa,34654,Confirmed,2026-10-03T22:31:30.550Z,Cossa will start in Columbus on Saturday.,Catherine Bogart,-112,1.5,0.0,0.0
2026-10-03,2026-10-04T03:01:55.855566+00:00,UTA,CBJ,2026-10-03T23:00:00.000Z,CBJ,home,Jet Greaves,29751,Confirmed,2026-10-03T22:47:05.694Z,Greaves will start vs. Utah on Saturday.,NHL.com,-108,1.5,0.885,3.0
2026-10-03,2026-10-04T03:01:55.855566+00:00,MTL,PIT,2026-10-03T23:00:00.000Z,MTL,away,Jakub Dobes,31895,Confirmed,2026-10-03T16:01:10.562Z,Dobes will start in Pittsburgh on Saturday.,Montreal Canadiens,-130,1.5,0.929,2.0
2026-10-03,2026-10-04T03:01:55.855566+00:00,MTL,PIT,2026-10-03T23:00:00.000Z,PIT,home,Arturs Silovs,31270,Confirmed,2026-10-03T15:28:45.515Z,Silovs will start vs. Montreal on Saturday.,Michelle Crechiolo,110,1.5,1.0,0.0
2026-10-03,2026-10-04T03:01:55.855566+00:00,SEA,EDM,2026-10-03T23:00:00.000Z,SEA,away,Philipp Grubauer,2065,Confirmed,2026-10-03T22:38:53.198Z,Grubauer will start in Edmonton on Saturday.,Sound of Hockey,170,1.5,0.0,0.0
2026-10-03,2026-10-04T03:01:55.855566+00:00,SEA,EDM,2026-10-03T23:00:00.000Z,EDM,home,Devon Levi,33010,Confirmed,2026-10-03T22:38:17.723Z,Levi will start vs. Seattle on Saturday.,Bob Stauffer,-205,1.5,0.682,7.0
2026-10-03,2026-10-04T03:01:55.855566+00:00,WSH,TBL,2026-10-03T23:00:00.000Z,WSH,away,Charlie Lindgren,2615,Confirmed,2026-10-01T16:08:52.463Z,Lindgren will start in Tampa Bay on Saturday.,Sammi Silber,130,1.5,0.0,0.0
2026-10-03,2026-10-04T03:01:55.855566+00:00,WSH,TBL,2026-10-03T23:00:00.000Z,TBL,home,Andrei Vasilevskiy,2413,Confirmed,2026-10-03T22:29:53.078Z,Vasilevskiy will start vs. Washington on Saturday.,Benjamin Pierce,-155,1.5,0.833,4.29
2026-10-03,2026-10-04T03:01:55.855566+00:00,CAR,PHI,2026-10-03T23:00:00.000Z,CAR,away,Pyotr Kochetkov,30486,Confirmed,2026-10-03T20:57:25.497Z,Kochetkov will start in Philadelphia on Saturday.,Walt Ruff,-130,1.5,0.0,0.0
2026-10-03,2026-10-04T03:01:55.855566+00:00,CAR,PHI,2026-10-03T23:00:00.000Z,PHI,home,Joseph Woll,27288,Confirmed,2026-10-03T15:29:35.710Z,Woll will start vs. Carolina on Saturday.,Jordan Hall,110,1.5,0.932,2.86
2026-10-03,2026-10-04T03:01:55.855566+00:00,OTT,TOR,2026-10-03T23:00:00.000Z,OTT,away,Linus Ullmark,2534,Confirmed,2026-10-03T22:59:52.391Z,Ullmark will start Saturday in Toronto.,NHL.com,105,1.5,0.0,0.0
2026-10-03,2026-10-04T03:01:55.855566+00:00,OTT,TOR,2026-10-03T23:00:00.000Z,TOR,home,Sergei Bobrovsky,1117,Confirmed,2026-10-03T22:46:05.089Z,Bobrovsky will start vs. Ottawa on Saturday.,David Alter,-125,1.5,0.875,3.05
2026-10-03,2026-10-04T03:01:55.855566+00:00,NJD,NYI,2026-10-03T23:30:00.000Z,NJD,away,Nico Daws,29186,Confirmed,2026-10-03T15:49:56.245Z,Daws will start vs. NYI on Saturday.,Amanda Stein,-130,1.5,0.0,0.0
2026-10-03,2026-10-04T03:01:55.855566+00:00,NJD,NYI,2026-10-03T23:30:00.000Z,NYI,home,Ilya Sorokin,25264,Confirmed,2026-10-02T16:23:49.412Z,Sorokin will start Saturday vs. the Devils.,Stefen Rosner,110,1.5,0.923,2.07
2026-10-03,2026-10-04T03:01:55.855566+00:00,DAL,NSH,2026-10-04T00:00:00.000Z,DAL,away,Casey DeSmith,2572,Confirmed,2026-10-03T17:59:09.661Z,DeSmith will start in Nashville on Saturday.,Mike Heika,-135,1.5,0.0,0.0
2026-10-03,2026-10-04T03:01:55.855566+00:00,DAL,NSH,2026-10-04T00:00:00.000Z,NSH,home,Juuse Saros,2557,Confirmed,2026-10-03T23:30:06.869Z,Saros will start vs. Dallas on Saturday.,Brooks Bratten,114,1.5,0.9,3.05
2026-10-03,2026-10-04T03:01:55.855566+00:00,BOS,MIN,2026-10-04T00:00:00.000Z,BOS,away,Michael DiPietro,4771,Confirmed,2026-10-03T22:50:23.742Z,DiPietro will start in Minnesota on Saturday.,Adam Pellerin,150,1.5,0.0,0.0
2026-10-03,2026-10-04T03:01:55.855566+00:00,BOS,MIN,2026-10-04T00:00:00.000Z,MIN,home,Jesper Wallstedt,31763,Confirmed,2026-10-03T15:59:48.217Z,Wallstedt will start vs. Boston on Saturday.,Joe O'Donnell,-180,1.5,0.95,1.0
2026-10-03,2026-10-04T03:01:55.855566+00:00,STL,COL,2026-10-04T01:00:00.000Z,STL,away,Jordan Binnington,1984,Confirmed,2026-10-03T23:54:36.068Z,Binnington will start in Colorado on Saturday.,Chris Pinkert,240,1.5,0.0,0.0
2026-10-03,2026-10-04T03:01:55.855566+00:00,STL,COL,2026-10-04T01:00:00.000Z,COL,home,Mackenzie Blackwood,3792,Confirmed,2026-10-04T00:30:29.828Z,Blackwood will start vs. St. Louis on Saturday.,Bailey Curtis,-298,1.5,0.871,4.0
2026-10-03,2026-10-04T03:01:55.855566+00:00,LAK,SJS,2026-10-04T02:00:00.000Z,LAK,away,Anton Forsberg,2394,Confirmed,2026-10-04T01:31:34.142Z,Forsberg will start in San Jose on Saturday.,Zach Dooley,-105,1.5,0.0,0.0
2026-10-03,2026-10-04T03:01:55.855566+00:00,LAK,SJS,2026-10-04T02:00:00.000Z,SJS,home,Yaroslav Askarov,33018,Confirmed,2026-10-03T18:11:47.175Z,Askarov will start vs. Los Angeles on Saturday.,Sheng Peng,-115,1.5,0.885,2.81
2026-10-03,2026-10-04T03:01:55.855566+00:00,CGY,VAN,2026-10-04T02:00:00.000Z,CGY,away,Devin Cooley,32944,Confirmed,2026-10-03T18:44:11.205Z,Cooley will start in Vancouver on Saturday.,Eric Francis,-110,1.5,0.0,0.0
2026-10-03,2026-10-04T03:01:55.855566+00:00,CGY,VAN,2026-10-04T02:00:00.000Z,VAN,home,Leevi Merilainen,34600,Confirmed,2026-10-04T01:33:26.300Z,Merilainen will start vs. Calgary on Saturday.,Brendan Batchelor,-110,1.5,0.0,0.0
2026-10-03,2026-10-04T03:16:57.765953+00:00,CHI,BUF,2026-10-03T23:00:00.000Z,CHI,away,Spencer Knight,30475,Confirmed,2026-10-03T19:12:42.155Z,Knight will start in Buffalo on Saturday.,Vinnie Parise,190,1.5,0.889,4.0
2026-10-03,2026-10-04T03:16:57.765953+00:00,CHI,BUF,2026-10-03T23:00:00.000Z,BUF,home,Ukko-Pekka Luukkonen,4783,Confirmed,2026-10-03T22:30:29.769Z,Luukkonen will start vs. Chicago on Saturday.,Matthew Fairburn,-230,1.5,0.773,5.0
2026-10-03,2026-10-04T03:16:57.765953+00:00,UTA,CBJ,2026-10-03T23:00:00.000Z,UTA,away,Sebastian Cossa,34654,Confirmed,2026-10-03T22:31:30.550Z,Cossa will start in Columbus on Saturday.,Catherine Bogart,-112,1.5,0.0,0.0
2026-10-03,2026-10-04T03:16:57.765953+00:00,UTA,CBJ,2026-10-03T23:00:00.000Z,CBJ,home,Jet Greaves,29751,Confirmed,2026-10-03T22:47:05.694Z,Greaves will start vs. Utah on Saturday.,NHL.com,-108,1.5,0.885,3.0
2026-10-03,2026-10-04T03:16:57.765953+00:00,MTL,PIT,2026-10-03T23:00:00.000Z,MTL,away,Jakub Dobes,31895,Confirmed,2026-10-03T16:01:10.562Z,Dobes will start in Pittsburgh on Saturday.,Montreal Canadiens,-130,1.5,0.929,2.0
2026-10-03,2026-10-04T03:16:57.765953+00:00,MTL,PIT,2026-10-03T23:00:00.000Z,PIT,home,Arturs Silovs,31270,Confirmed,2026-10-03T15:28:45.515Z,Silovs will start vs. Montreal on Saturday.,Michelle Crechiolo,110,1.5,1.0,0.0
2026-10-03,2026-10-04T03:16:57.765953+00:00,SEA,EDM,2026-10-03T23:00:00.000Z,SEA,away,Philipp Grubauer,2065,Confirmed,2026-10-03T22:38:53.198Z,Grubauer will start in Edmonton on Saturday.,Sound of Hockey,170,1.5,0.0,0.0
2026-10-03,2026-10-04T03:16:57.765953+00:00,SEA,EDM,2026-10-03T23:00:00.000Z,EDM,home,Devon Levi,33010,Confirmed,2026-10-03T22:38:17.723Z,Levi will start vs. Seattle on Saturday.,Bob Stauffer,-205,1.5,0.682,7.0
2026-10-03,2026-10-04T03:16:57.765953+00:00,WSH,TBL,2026-10-03T23:00:00.000Z,WSH,away,Charlie Lindgren,2615,Confirmed,2026-10-01T16:08:52.463Z,Lindgren will start in Tampa Bay on Saturday.,Sammi Silber,130,1.5,0.0,0.0
2026-10-03,2026-10-04T03:16:57.765953+00:00,WSH,TBL,2026-10-03T23:00:00.000Z,TBL,home,Andrei Vasilevskiy,2413,Confirmed,2026-10-03T22:29:53.078Z,Vasilevskiy will start vs. Washington on Saturday.,Benjamin Pierce,-155,1.5,0.833,4.29
2026-10-03,2026-10-04T03:16:57.765953+00:00,CAR,PHI,2026-10-03T23:00:00.000Z,CAR,away,Pyotr Kochetkov,30486,Confirmed,2026-10-03T20:57:25.497Z,Kochetkov will start in Philadelphia on Saturday.,Walt Ruff,-130,1.5,0.0,0.0
2026-10-03,2026-10-04T03:16:57.765953+00:00,CAR,PHI,2026-10-03T23:00:00.000Z,PHI,home,Joseph Woll,27288,Confirmed,2026-10-03T15:29:35.710Z,Woll will start vs. Carolina on Saturday.,Jordan Hall,110,1.5,0.932,2.86
2026-10-03,2026-10-04T03:16:57.765953+00:00,OTT,TOR,2026-10-03T23:00:00.000Z,OTT,away,Linus Ullmark,2534,Confirmed,2026-10-03T22:59:52.391Z,Ullmark will start Saturday in Toronto.,NHL.com,105,1.5,0.0,0.0
2026-10-03,2026-10-04T03:16:57.765953+00:00,OTT,TOR,2026-10-03T23:00:00.000Z,TOR,home,Sergei Bobrovsky,1117,Confirmed,2026-10-03T22:46:05.089Z,Bobrovsky will start vs. Ottawa on Saturday.,David Alter,-125,1.5,0.875,3.05
2026-10-03,2026-10-04T03:16:57.765953+00:00,NJD,NYI,2026-10-03T23:30:00.000Z,NJD,away,Nico Daws,29186,Confirmed,2026-10-03T15:49:56.245Z,Daws will start vs. NYI on Saturday.,Amanda Stein,-130,1.5,0.0,0.0
2026-10-03,2026-10-04T03:16:57.765953+00:00,NJD,NYI,2026-10-03T23:30:00.000Z,NYI,home,Ilya Sorokin,25264,Confirmed,2026-10-02T16:23:49.412Z,Sorokin will start Saturday vs. the Devils.,Stefen Rosner,110,1.5,0.923,2.07
2026-10-03,2026-10-04T03:16:57.765953+00:00,DAL,NSH,2026-10-04T00:00:00.000Z,DAL,away,Casey DeSmith,2572,Confirmed,2026-10-03T17:59:09.661Z,DeSmith will start in Nashville on Saturday.,Mike Heika,-135,1.5,0.0,0.0
2026-10-03,2026-10-04T03:16:57.765953+00:00,DAL,NSH,2026-10-04T00:00:00.000Z,NSH,home,Juuse Saros,2557,Confirmed,2026-10-03T23:30:06.869Z,Saros will start vs. Dallas on Saturday.,Brooks Bratten,114,1.5,0.9,3.05
2026-10-03,2026-10-04T03:16:57.765953+00:00,BOS,MIN,2026-10-04T00:00:00.000Z,BOS,away,Michael DiPietro,4771,Confirmed,2026-10-03T22:50:23.742Z,DiPietro will start in Minnesota on Saturday.,Adam Pellerin,150,1.5,0.0,0.0
2026-10-03,2026-10-04T03:16:57.765953+00:00,BOS,MIN,2026-10-04T00:00:00.000Z,MIN,home,Jesper Wallstedt,31763,Confirmed,2026-10-03T15:59:48.217Z,Wallstedt will start vs. Boston on Saturday.,Joe O'Donnell,-180,1.5,0.95,1.0
2026-10-03,2026-10-04T03:16:57.765953+00:00,STL,COL,2026-10-04T01:00:00.000Z,STL,away,Jordan Binnington,1984,Confirmed,2026-10-03T23:54:36.068Z,Binnington will start in Colorado on Saturday.,Chris Pinkert,240,1.5,0.0,0.0
2026-10-03,2026-10-04T03:16:57.765953+00:00,STL,COL,2026-10-04T01:00:00.000Z,COL,home,Mackenzie Blackwood,3792,Confirmed,2026-10-04T00:30:29.828Z,Blackwood will start vs. St. Louis on Saturday.,Bailey Curtis,-298,1.5,0.871,4.0
2026-10-03,2026-10-04T03:16:57.765953+00:00,LAK,SJS,2026-10-04T02:00:00.000Z,LAK,away,Anton Forsberg,2394,Confirmed,2026-10-04T01:31:34.142Z,Forsberg will start in San Jose on Saturday.,Zach Dooley,-105,1.5,0.0,0.0
2026-10-03,2026-10-04T03:16:57.765953+00:00,LAK,SJS,2026-10-04T02:00:00.000Z,SJS,home,Yaroslav Askarov,33018,Confirmed,2026-10-03T18:11:47.175Z,Askarov will start vs. Los Angeles on Saturday.,Sheng Peng,-115,1.5,0.885,2.81
2026-10-03,2026-10-04T03:16:57.765953+00:00,CGY,VAN,2026-10-04T02:00:00.000Z,CGY,away,Devin Cooley,32944,Confirmed,2026-10-03T18:44:11.205Z,Cooley will start in Vancouver on Saturday.,Eric Francis,-110,1.5,0.0,0.0
2026-10-03,2026-10-04T03:16:57.765953+00:00,CGY,VAN,2026-10-04T02:00:00.000Z,VAN,home,Leevi Merilainen,34600,Confirmed,2026-10-04T01:33:26.300Z,Merilainen will start vs. Calgary on Saturday.,Brendan Batchelor,-110,1.5,0.0,0.0
2026-10-03,2026-10-04T03:31:59.795285+00:00,CHI,BUF,2026-10-03T23:00:00.000Z,CHI,away,Spencer Knight,30475,Confirmed,2026-10-03T19:12:42.155Z,Knight will start in Buffalo on Saturday.,Vinnie Parise,190,1.5,0.889,4.0
2026-10-03,2026-10-04T03:31:59.795285+00:00,CHI,BUF,2026-10-03T23:00:00.000Z,BUF,home,Ukko-Pekka Luukkonen,4783,Confirmed,2026-10-03T22:30:29.769Z,Luukkonen will start vs. Chicago on Saturday.,Matthew Fairburn,-230,1.5,0.773,5.0
2026-10-03,2026-10-04T03:31:59.795285+00:00,UTA,CBJ,2026-10-03T23:00:00.000Z,UTA,away,Sebastian Cossa,34654,Confirmed,2026-10-03T22:31:30.550Z,Cossa will start in Columbus on Saturday.,Catherine Bogart,-112,1.5,0.0,0.0
2026-10-03,2026-10-04T03:31:59.795285+00:00,UTA,CBJ,2026-10-03T23:00:00.000Z,CBJ,home,Jet Greaves,29751,Confirmed,2026-10-03T22:47:05.694Z,Greaves will start vs. Utah on Saturday.,NHL.com,-108,1.5,0.885,3.0
2026-10-03,2026-10-04T03:31:59.795285+00:00,MTL,PIT,2026-10-03T23:00:00.000Z,MTL,away,Jakub Dobes,31895,Confirmed,2026-10-03T16:01:10.562Z,Dobes will start in Pittsburgh on Saturday.,Montreal Canadiens,-130,1.5,0.929,2.0
2026-10-03,2026-10-04T03:31:59.795285+00:00,MTL,PIT,2026-10-03T23:00:00.000Z,PIT,home,Arturs Silovs,31270,Confirmed,2026-10-03T15:28:45.515Z,Silovs will start vs. Montreal on Saturday.,Michelle Crechiolo,110,1.5,0.886,2.46
2026-10-03,2026-10-04T03:31:59.795285+00:00,SEA,EDM,2026-10-03T23:00:00.000Z,SEA,away,Philipp Grubauer,2065,Confirmed,2026-10-03T22:38:53.198Z,Grubauer will start in Edmonton on Saturday.,Sound of Hockey,170,1.5,0.0,0.0
2026-10-03,2026-10-04T03:31:59.795285+00:00,SEA,EDM,2026-10-03T23:00:00.000Z,EDM,home,Devon Levi,33010,Confirmed,2026-10-03T22:38:17.723Z,Levi will start vs. Seattle on Saturday.,Bob Stauffer,-205,1.5,0.682,7.0
2026-10-03,2026-10-04T03:31:59.795285+00:00,WSH,TBL,2026-10-03T23:00:00.000Z,WSH,away,Charlie Lindgren,2615,Confirmed,2026-10-01T16:08:52.463Z,Lindgren will start in Tampa Bay on Saturday.,Sammi Silber,130,1.5,0.0,0.0
2026-10-03,2026-10-04T03:31:59.795285+00:00,WSH,TBL,2026-10-03T23:00:00.000Z,TBL,home,Andrei Vasilevskiy,2413,Confirmed,2026-10-03T22:29:53.078Z,Vasilevskiy will start vs. Washington on Saturday.,Benjamin Pierce,-155,1.5,0.833,4.29
2026-10-03,2026-10-04T03:31:59.795285+00:00,CAR,PHI,2026-10-03T23:00:00.000Z,CAR,away,Pyotr Kochetkov,30486,Confirmed,2026-10-03T20:57:25.497Z,Kochetkov will start in Philadelphia on Saturday.,Walt Ruff,-130,1.5,0.0,0.0
2026-10-03,2026-10-04T03:31:59.795285+00:00,CAR,PHI,2026-10-03T23:00:00.000Z,PHI,home,Joseph Woll,27288,Confirmed,2026-10-03T15:29:35.710Z,Woll will start vs. Carolina on Saturday.,Jordan Hall,110,1.5,0.932,2.86
2026-10-03,2026-10-04T03:31:59.795285+00:00,OTT,TOR,2026-10-03T23:00:00.000Z,OTT,away,Linus Ullmark,2534,Confirmed,2026-10-03T22:59:52.391Z,Ullmark will start Saturday in Toronto.,NHL.com,105,1.5,0.0,0.0
2026-10-03,2026-10-04T03:31:59.795285+00:00,OTT,TOR,2026-10-03T23:00:00.000Z,TOR,home,Sergei Bobrovsky,1117,Confirmed,2026-10-03T22:46:05.089Z,Bobrovsky will start vs. Ottawa on Saturday.,David Alter,-125,1.5,0.875,3.05
2026-10-03,2026-10-04T03:31:59.795285+00:00,NJD,NYI,2026-10-03T23:30:00.000Z,NJD,away,Nico Daws,29186,Confirmed,2026-10-03T15:49:56.245Z,Daws will start vs. NYI on Saturday.,Amanda Stein,-130,1.5,0.0,0.0
2026-10-03,2026-10-04T03:31:59.795285+00:00,NJD,NYI,2026-10-03T23:30:00.000Z,NYI,home,Ilya Sorokin,25264,Confirmed,2026-10-02T16:23:49.412Z,Sorokin will start Saturday vs. the Devils.,Stefen Rosner,110,1.5,0.923,2.07
2026-10-03,2026-10-04T03:31:59.795285+00:00,DAL,NSH,2026-10-04T00:00:00.000Z,DAL,away,Casey DeSmith,2572,Confirmed,2026-10-03T17:59:09.661Z,DeSmith will start in Nashville on Saturday.,Mike Heika,-135,1.5,0.0,0.0
2026-10-03,2026-10-04T03:31:59.795285+00:00,DAL,NSH,2026-10-04T00:00:00.000Z,NSH,home,Juuse Saros,2557,Confirmed,2026-10-03T23:30:06.869Z,Saros will start vs. Dallas on Saturday.,Brooks Bratten,114,1.5,0.9,3.05
2026-10-03,2026-10-04T03:31:59.795285+00:00,BOS,MIN,2026-10-04T00:00:00.000Z,BOS,away,Michael DiPietro,4771,Confirmed,2026-10-03T22:50:23.742Z,DiPietro will start in Minnesota on Saturday.,Adam Pellerin,150,1.5,0.0,0.0
2026-10-03,2026-10-04T03:31:59.795285+00:00,BOS,MIN,2026-10-04T00:00:00.000Z,MIN,home,Jesper Wallstedt,31763,Confirmed,2026-10-03T15:59:48.217Z,Wallstedt will start vs. Boston on Saturday.,Joe O'Donnell,-180,1.5,0.957,1.0
2026-10-03,2026-10-04T03:31:59.795285+00:00,STL,COL,2026-10-04T01:00:00.000Z,STL,away,Jordan Binnington,1984,Confirmed,2026-10-03T23:54:36.068Z,Binnington will start in Colorado on Saturday.,Chris Pinkert,240,1.5,0.0,0.0
2026-10-03,2026-10-04T03:31:59.795285+00:00,STL,COL,2026-10-04T01:00:00.000Z,COL,home,Mackenzie Blackwood,3792,Confirmed,2026-10-04T00:30:29.828Z,Blackwood will start vs. St. Louis on Saturday.,Bailey Curtis,-298,1.5,0.871,4.0
2026-10-03,2026-10-04T03:31:59.795285+00:00,LAK,SJS,2026-10-04T02:00:00.000Z,LAK,away,Anton Forsberg,2394,Confirmed,2026-10-04T01:31:34.142Z,Forsberg will start in San Jose on Saturday.,Zach Dooley,-105,1.5,0.0,0.0
2026-10-03,2026-10-04T03:31:59.795285+00:00,LAK,SJS,2026-10-04T02:00:00.000Z,SJS,home,Yaroslav Askarov,33018,Confirmed,2026-10-03T18:11:47.175Z,Askarov will start vs. Los Angeles on Saturday.,Sheng Peng,-115,1.5,0.885,2.81
2026-10-03,2026-10-04T03:31:59.795285+00:00,CGY,VAN,2026-10-04T02:00:00.000Z,CGY,away,Devin Cooley,32944,Confirmed,2026-10-03T18:44:11.205Z,Cooley will start in Vancouver on Saturday.,Eric Francis,-110,1.5,0.0,0.0
2026-10-03,2026-10-04T03:31:59.795285+00:00,CGY,VAN,2026-10-04T02:00:00.000Z,VAN,home,Leevi Merilainen,34600,Confirmed,2026-10-04T01:33:26.300Z,Merilainen will start vs. Calgary on Saturday.,Brendan Batchelor,-110,1.5,0.0,0.0
